path	type	strategy	rel_file_path	timestamp	dirty	build	touch_build	node_x	node_y	node_color
/externalizations	table	tsv	externalizations.tsv	2026-08-24 10:02:37 UTC				26	571	0.9000,0.3000,0.4000
/PATCHDECK/local/modules/vars	text	py	/Users/maurospagnoli/Library/CloudStorage/GoogleDrive-vs.visualsubstance@gmail.com/Il mio Drive/VS/TD Repository/PROGETTI/2026/marzo/PATCHDECK/local/modules/vars.py	2026-08-24 10:42:16 UTC				0	-25	0.9000,0.3000,0.4000
/PATCHDECK/local/modules/monitors1_callbacks	text	py	/Users/maurospagnoli/Library/CloudStorage/GoogleDrive-vs.visualsubstance@gmail.com/Il mio Drive/VS/TD Repository/PROGETTI/2026/marzo/PATCHDECK/local/modules/monitors1_callbacks.py	2026-08-24 10:42:16 UTC				-225	-25	0.9000,0.3000,0.4000
/PATCHDECK/local/modules	base	tox	/Users/maurospagnoli/Library/CloudStorage/GoogleDrive-vs.visualsubstance@gmail.com/Il mio Drive/VS/TD Repository/PROGETTI/2026/marzo/PATCHDECK/local/modules.tox	2026-08-24 10:42:16 UTC		1	2025.33070	-2250	1925	0.3250,0.8000,0.3000
/PATCHDECK/local	base	tox	PATCHDECK/local.tox	2026-08-24 10:42:16 UTC		1	2025.33070	250	300	0.3250,0.8000,0.3000
/PATCHDECK/audio	base	tox	PATCHDECK/audio.tox	2026-08-29 12:29:40 UTC		4	2025.33070	475	300	0.3250,0.8000,0.3000
/PATCHDECK/UI/MAIN_INTERFACE/ui_par_exec	parexec	py	PATCHDECK/UI/MAIN_INTERFACE/ui_par_exec.py	2026-08-24 10:42:16 UTC				-1400	6700	0.9000,0.3000,0.4000
/PATCHDECK/UI/MAIN_INTERFACE/strobo_color_panel	container	tox	PATCHDECK/UI/MAIN_INTERFACE/strobo_color_panel.tox	2026-08-27 17:45:05 UTC		3	2025.33070	4100	13425	0.3250,0.8000,0.3000
/PATCHDECK/UI/MAIN_INTERFACE/sliders_b	container	tox	PATCHDECK/UI/MAIN_INTERFACE/sliders_b.tox	2026-08-27 15:55:56 UTC		4	2025.33070	5275	6375	0.3250,0.8000,0.3000
/PATCHDECK/UI/MAIN_INTERFACE/sliders_a	container	tox	PATCHDECK/UI/MAIN_INTERFACE/sliders_a.tox	2026-08-27 15:55:56 UTC		5	2025.33070	4453	6438	0.3250,0.8000,0.3000
/PATCHDECK/UI/MAIN_INTERFACE/rotaries_b	container	tox	PATCHDECK/UI/MAIN_INTERFACE/rotaries_b.tox	2026-08-27 15:37:56 UTC		3	2025.33070	5775	6150	0.3250,0.8000,0.3000
/PATCHDECK/UI/MAIN_INTERFACE/rotaries_a	container	tox	PATCHDECK/UI/MAIN_INTERFACE/rotaries_a.tox	2026-08-27 15:37:56 UTC		3	2025.33070	4913	6265	0.3250,0.8000,0.3000
/PATCHDECK/UI/MAIN_INTERFACE/previews	container	tox	PATCHDECK/UI/MAIN_INTERFACE/previews.tox	2026-08-27 15:16:26 UTC		4	2025.33070	1750	8175	0.3250,0.8000,0.3000
/PATCHDECK/UI/MAIN_INTERFACE/output_monitor_B	container	tox	PATCHDECK/UI/MAIN_INTERFACE/output_monitor_B.tox	2026-08-24 10:42:16 UTC		1	2025.33070	2925	4758	0.3250,0.8000,0.3000
/PATCHDECK/UI/MAIN_INTERFACE/output_monitor_A	container	tox	PATCHDECK/UI/MAIN_INTERFACE/output_monitor_A.tox	2026-08-24 10:42:16 UTC		1	2025.33070	2675	4758	0.3250,0.8000,0.3000
/PATCHDECK/UI/MAIN_INTERFACE/export1	chopexec	py	PATCHDECK/UI/MAIN_INTERFACE/export1.py	2026-08-24 10:42:16 UTC				1225	6960	0.9000,0.3000,0.4000
/PATCHDECK/UI/MAIN_INTERFACE/export	chopexec	py	PATCHDECK/UI/MAIN_INTERFACE/export.py	2026-08-24 10:42:16 UTC				4275	6837	0.9000,0.3000,0.4000
/PATCHDECK/UI/MAIN_INTERFACE/execute1	execute	py	PATCHDECK/UI/MAIN_INTERFACE/execute1.py	2026-08-24 10:42:16 UTC				1725	2525	0.9000,0.3000,0.4000
/PATCHDECK/UI/MAIN_INTERFACE/dmx_fx8_bridge	parexec	py	PATCHDECK/UI/MAIN_INTERFACE/dmx_fx8_bridge.py	2026-08-24 10:42:16 UTC				6350	6325	0.9000,0.3000,0.4000
/PATCHDECK/UI/MAIN_INTERFACE/dmx_control_panel/dmx_palette_options	table	tsv	PATCHDECK/UI/MAIN_INTERFACE/dmx_control_panel/dmx_palette_options.tsv	2026-08-24 10:42:16 UTC				7295	7860	0.9000,0.3000,0.4000
/PATCHDECK/UI/MAIN_INTERFACE/dmx_control_panel	container	tox	PATCHDECK/UI/MAIN_INTERFACE/dmx_control_panel.tox	2026-08-27 15:54:42 UTC		3	2025.33070	6450	10225	0.3250,0.8000,0.3000
/PATCHDECK/UI/MAIN_INTERFACE/datexec1	datexec	py	PATCHDECK/UI/MAIN_INTERFACE/datexec1.py	2026-08-24 10:42:16 UTC				725	3300	0.9000,0.3000,0.4000
/PATCHDECK/UI/MAIN_INTERFACE/control_ui	container	tox	PATCHDECK/UI/MAIN_INTERFACE/control_ui.tox	2026-08-29 12:29:39 UTC		12	2025.33070	3400	9525	0.3250,0.8000,0.3000
/PATCHDECK/UI/MAIN_INTERFACE/buttons_panel_b	container	tox	PATCHDECK/UI/MAIN_INTERFACE/buttons_panel_b.tox	2026-08-27 16:20:56 UTC		4	2025.33070	5000	7300	0.3250,0.8000,0.3000
/PATCHDECK/UI/MAIN_INTERFACE/buttons_panel_a	container	tox	PATCHDECK/UI/MAIN_INTERFACE/buttons_panel_a.tox	2026-08-24 10:42:16 UTC		1	2025.33070	4822	4987	0.3250,0.8000,0.3000
/PATCHDECK/UI/MAIN_INTERFACE/basicWidgets/topMenuCallbacks	text	py	PATCHDECK/UI/MAIN_INTERFACE/basicWidgets/topMenuCallbacks.py	2026-08-24 10:42:16 UTC				200	-5800	0.9000,0.3000,0.4000
/PATCHDECK/UI/MAIN_INTERFACE/basicWidgets/popMenuCallbacks	text	py	PATCHDECK/UI/MAIN_INTERFACE/basicWidgets/popMenuCallbacks.py	2026-08-24 10:42:16 UTC				200	-600	0.9000,0.3000,0.4000
/PATCHDECK/UI/MAIN_INTERFACE/basicWidgets/parexec1	parexec	py	PATCHDECK/UI/MAIN_INTERFACE/basicWidgets/parexec1.py	2026-08-24 10:42:16 UTC				-700	0	0.9000,0.3000,0.4000
/PATCHDECK/UI/MAIN_INTERFACE/basicWidgets/masterListConfig/define	table	tsv	PATCHDECK/UI/MAIN_INTERFACE/basicWidgets/masterListConfig/define.tsv	2026-08-24 10:42:16 UTC				200	0	0.9000,0.3000,0.4000
/PATCHDECK/UI/MAIN_INTERFACE/basicWidgets/masterListConfig/colDefine	table	tsv	PATCHDECK/UI/MAIN_INTERFACE/basicWidgets/masterListConfig/colDefine.tsv	2026-08-24 10:42:16 UTC				0	0	0.9000,0.3000,0.4000
/PATCHDECK/UI/MAIN_INTERFACE/basicWidgets/masterListConfig/callbacks	text	py	PATCHDECK/UI/MAIN_INTERFACE/basicWidgets/masterListConfig/callbacks.py	2026-08-24 10:42:16 UTC				400	0	0.9000,0.3000,0.4000
/PATCHDECK/UI/MAIN_INTERFACE/basicWidgets/masterListConfig	base	tox	PATCHDECK/UI/MAIN_INTERFACE/basicWidgets/masterListConfig.tox	2026-08-24 10:42:16 UTC		1	2025.33070	200	-1800	0.3250,0.8000,0.3000
/PATCHDECK/UI/MAIN_INTERFACE/basicWidgets/categories	table	tsv	PATCHDECK/UI/MAIN_INTERFACE/basicWidgets/categories.tsv	2026-08-24 10:42:16 UTC				-300	0	0.9000,0.3000,0.4000
/PATCHDECK/UI/MAIN_INTERFACE/basicWidgets/autoUI	table	tsv	PATCHDECK/UI/MAIN_INTERFACE/basicWidgets/autoUI.tsv	2026-08-24 10:42:16 UTC				-500	0	0.9000,0.3000,0.4000
/PATCHDECK/UI/MAIN_INTERFACE/basicWidgets	container	tox	PATCHDECK/UI/MAIN_INTERFACE/basicWidgets.tox	2026-08-24 10:42:16 UTC		1	2025.33070	6425	7575	0.3250,0.8000,0.3000
/PATCHDECK/UI/MAIN_INTERFACE/Master	container	tox	PATCHDECK/UI/MAIN_INTERFACE/Master.tox	2026-08-27 12:28:19 UTC		2	2025.33070	5500	10300	0.3250,0.8000,0.3000
/PATCHDECK/UI/MAIN_INTERFACE/MIDI_status	table	tsv	PATCHDECK/UI/MAIN_INTERFACE/MIDI_status.tsv	2026-08-24 10:42:17 UTC				1750	3300	0.9000,0.3000,0.4000
/PATCHDECK/UI/MAIN_INTERFACE/MAIN	container	tox	PATCHDECK/UI/MAIN_INTERFACE/MAIN.tox	2026-08-24 10:42:17 UTC		1	2025.33070	1550	12300	0.3250,0.8000,0.3000
/PATCHDECK/UI/MAIN_INTERFACE/Kill_Bututons_and_Names/chopexec2	chopexec	py	PATCHDECK/UI/MAIN_INTERFACE/Kill_Bututons_and_Names/chopexec2.py	2026-08-24 10:42:17 UTC				600	-275	0.9000,0.3000,0.4000
/PATCHDECK/UI/MAIN_INTERFACE/Kill_Bututons_and_Names/chopexec1	chopexec	py	PATCHDECK/UI/MAIN_INTERFACE/Kill_Bututons_and_Names/chopexec1.py	2026-08-24 10:42:17 UTC				600	-150	0.9000,0.3000,0.4000
/PATCHDECK/UI/MAIN_INTERFACE/Kill_Bututons_and_Names/5_Name_b	button	tox	PATCHDECK/UI/MAIN_INTERFACE/Kill_Bututons_and_Names/5_Name_b.tox	2026-08-24 10:42:17 UTC		1	2025.33070	400	100	0.3250,0.8000,0.3000
/PATCHDECK/UI/MAIN_INTERFACE/Kill_Bututons_and_Names/2_Name_a	button	tox	PATCHDECK/UI/MAIN_INTERFACE/Kill_Bututons_and_Names/2_Name_a.tox	2026-08-24 10:42:17 UTC		1	2025.33070	-200	100	0.3250,0.8000,0.3000
/PATCHDECK/UI/MAIN_INTERFACE/Kill_Bututons_and_Names	container	tox	PATCHDECK/UI/MAIN_INTERFACE/Kill_Bututons_and_Names.tox	2026-08-27 13:55:51 UTC		2	2025.33070	1850	7525	0.3250,0.8000,0.3000
/PATCHDECK/UI/MAIN_INTERFACE/KillB	chopexec	py	PATCHDECK/UI/MAIN_INTERFACE/KillB.py	2026-08-24 10:42:17 UTC				1725	2800	0.9000,0.3000,0.4000
/PATCHDECK/UI/MAIN_INTERFACE/KillA	chopexec	py	PATCHDECK/UI/MAIN_INTERFACE/KillA.py	2026-08-24 10:42:17 UTC				1750	3016	0.9000,0.3000,0.4000
/PATCHDECK/UI/MAIN_INTERFACE/DMX_preview1	container	tox	PATCHDECK/UI/MAIN_INTERFACE/DMX_preview1.tox	2026-08-27 15:36:18 UTC		2	2025.33070	7275	9925	0.3250,0.8000,0.3000
/PATCHDECK/UI/MAIN_INTERFACE/DMX_preview	container	tox	PATCHDECK/UI/MAIN_INTERFACE/DMX_preview.tox	2026-08-27 15:55:56 UTC		3	2025.33070	2100	9956	0.3250,0.8000,0.3000
/PATCHDECK/UI/MAIN_INTERFACE/AB_status	table	tsv	PATCHDECK/UI/MAIN_INTERFACE/AB_status.tsv	2026-08-24 10:42:17 UTC				1797	3753	0.9000,0.3000,0.4000
/PATCHDECK/UI/MAIN_INTERFACE/5_master_fx_panel	container	tox	PATCHDECK/UI/MAIN_INTERFACE/5_master_fx_panel.tox	2026-08-24 10:42:17 UTC		1	2025.33070	5266	3648	0.3250,0.8000,0.3000
/PATCHDECK/UI/MAIN_INTERFACE/3_buttons_panel	container	tox	PATCHDECK/UI/MAIN_INTERFACE/3_buttons_panel.tox	2026-08-27 15:49:46 UTC		2	2025.33070	4675	7600	0.3250,0.8000,0.3000
/PATCHDECK/UI/MAIN_INTERFACE/3_Tabs	container	tox	PATCHDECK/UI/MAIN_INTERFACE/3_Tabs.tox	2026-08-27 17:45:05 UTC		7	2025.33070	-825	12825	0.3250,0.8000,0.3000
/PATCHDECK/UI/MAIN_INTERFACE/2_stats_settings	container	tox	PATCHDECK/UI/MAIN_INTERFACE/2_stats_settings.tox	2026-08-24 10:42:18 UTC		1	2025.33070	1825	4758	0.3250,0.8000,0.3000
/PATCHDECK/UI/MAIN_INTERFACE/2_settings	container	tox	PATCHDECK/UI/MAIN_INTERFACE/2_settings.tox	2026-08-27 12:28:19 UTC		2	2025.33070	825	7225	0.3250,0.8000,0.3000
/PATCHDECK/UI/MAIN_INTERFACE/2_rotary_panel	container	tox	PATCHDECK/UI/MAIN_INTERFACE/2_rotary_panel.tox	2026-08-24 10:42:18 UTC		1	2025.33070	5285	5777	0.3250,0.8000,0.3000
/PATCHDECK/UI/MAIN_INTERFACE/2_bottom	container	tox	PATCHDECK/UI/MAIN_INTERFACE/2_bottom.tox	2026-08-27 13:55:51 UTC		3	2025.33070	1500	7500	0.3250,0.8000,0.3000
/PATCHDECK/UI/MAIN_INTERFACE/2_PATCHES/tab0/replicator1_callbacks	text	py	PATCHDECK/UI/MAIN_INTERFACE/2_PATCHES/tab0/replicator1_callbacks.py	2026-08-24 10:42:18 UTC				700	381	0.9000,0.3000,0.4000
/PATCHDECK/UI/MAIN_INTERFACE/2_PATCHES/tab0/replicator1	replicator	tox	PATCHDECK/UI/MAIN_INTERFACE/2_PATCHES/tab0/replicator1.tox	2026-08-24 10:42:18 UTC		1	2025.33070	425	350	0.3250,0.8000,0.3000
/PATCHDECK/UI/MAIN_INTERFACE/2_PATCHES/tab0/container_master1/execute2	execute	py	PATCHDECK/UI/MAIN_INTERFACE/2_PATCHES/tab0/container_master1/execute2.py	2026-08-24 10:42:18 UTC				-525	500	0.9000,0.3000,0.4000
/PATCHDECK/UI/MAIN_INTERFACE/2_PATCHES/tab0/container_master1/chopexec2	chopexec	py	PATCHDECK/UI/MAIN_INTERFACE/2_PATCHES/tab0/container_master1/chopexec2.py	2026-08-24 10:42:18 UTC				-175	-575	0.9000,0.3000,0.4000
/PATCHDECK/UI/MAIN_INTERFACE/2_PATCHES/tab0/container_master1/chopexec1	chopexec	py	PATCHDECK/UI/MAIN_INTERFACE/2_PATCHES/tab0/container_master1/chopexec1.py	2026-08-24 10:42:18 UTC				-136	-37	0.9000,0.3000,0.4000
/PATCHDECK/UI/MAIN_INTERFACE/2_PATCHES/tab0/container_master1/ab	table	tsv	PATCHDECK/UI/MAIN_INTERFACE/2_PATCHES/tab0/container_master1/ab.tsv	2026-08-24 10:42:18 UTC				275	655	0.9000,0.3000,0.4000
/PATCHDECK/UI/MAIN_INTERFACE/2_PATCHES/tab0/container_master1/B/color	table	tsv	PATCHDECK/UI/MAIN_INTERFACE/2_PATCHES/tab0/container_master1/B/color.tsv	2026-08-24 10:42:18 UTC				275	425	0.9000,0.3000,0.4000
/PATCHDECK/UI/MAIN_INTERFACE/2_PATCHES/tab0/container_master1/B	button	tox	PATCHDECK/UI/MAIN_INTERFACE/2_PATCHES/tab0/container_master1/B.tox	2026-08-24 10:42:18 UTC		1	2025.33070	-375	-175	0.3250,0.8000,0.3000
/PATCHDECK/UI/MAIN_INTERFACE/2_PATCHES/tab0/container_master1/A/color	table	tsv	PATCHDECK/UI/MAIN_INTERFACE/2_PATCHES/tab0/container_master1/A/color.tsv	2026-08-24 10:42:18 UTC				275	425	0.9000,0.3000,0.4000
/PATCHDECK/UI/MAIN_INTERFACE/2_PATCHES/tab0/container_master1/A	button	tox	PATCHDECK/UI/MAIN_INTERFACE/2_PATCHES/tab0/container_master1/A.tox	2026-08-24 10:42:18 UTC		1	2025.33070	-350	100	0.3250,0.8000,0.3000
/PATCHDECK/UI/MAIN_INTERFACE/2_PATCHES/tab0/container_master1	container	tox	PATCHDECK/UI/MAIN_INTERFACE/2_PATCHES/tab0/container_master1.tox	2026-08-30 17:03:43 UTC		54	2025.33070	25	350	0.3250,0.8000,0.3000
/PATCHDECK/UI/MAIN_INTERFACE/2_PATCHES/tab0	container	tox	PATCHDECK/UI/MAIN_INTERFACE/2_PATCHES/tab0.tox	2026-08-30 17:03:43 UTC		68	2025.33070	-175	-325	0.3250,0.8000,0.3000
/PATCHDECK/UI/MAIN_INTERFACE/2_PATCHES/selectexec	chopexec	py	PATCHDECK/UI/MAIN_INTERFACE/2_PATCHES/selectexec.py	2026-08-24 10:42:18 UTC				-475	25	0.9000,0.3000,0.4000
/PATCHDECK/UI/MAIN_INTERFACE/2_PATCHES/select1	select	tox	PATCHDECK/UI/MAIN_INTERFACE/2_PATCHES/select1.tox	2026-08-24 10:42:18 UTC		1	2025.33070	50	-50	0.3250,0.8000,0.3000
/PATCHDECK/UI/MAIN_INTERFACE/2_PATCHES/replicator1_callbacks	text	py	PATCHDECK/UI/MAIN_INTERFACE/2_PATCHES/replicator1_callbacks.py	2026-08-24 10:42:18 UTC				-180	-485	0.9000,0.3000,0.4000
/PATCHDECK/UI/MAIN_INTERFACE/2_PATCHES/replicator1	replicator	tox	PATCHDECK/UI/MAIN_INTERFACE/2_PATCHES/replicator1.tox	2026-08-24 10:42:18 UTC		1	2025.33070	50	-325	0.3250,0.8000,0.3000
/PATCHDECK/UI/MAIN_INTERFACE/2_PATCHES/STATE	container	tox	PATCHDECK/UI/MAIN_INTERFACE/2_PATCHES/STATE.tox	2026-08-24 10:42:18 UTC		1	2025.33070	-475	-250	0.3250,0.8000,0.3000
/PATCHDECK/UI/MAIN_INTERFACE/2_PATCHES	container	tox	PATCHDECK/UI/MAIN_INTERFACE/2_PATCHES.tox	2026-08-27 16:20:56 UTC		3	2025.33070	-950	13175	0.3250,0.8000,0.3000
/PATCHDECK/UI/MAIN_INTERFACE/1_stats	container	tox	PATCHDECK/UI/MAIN_INTERFACE/1_stats.tox	2026-08-27 12:28:20 UTC		2	2025.33070	525	7225	0.3250,0.8000,0.3000
/PATCHDECK/UI/MAIN_INTERFACE/1_performance_stats/frametime_colour/out1_export	table	tsv	PATCHDECK/UI/MAIN_INTERFACE/1_performance_stats/frametime_colour/out1_export.tsv	2026-08-24 10:42:18 UTC				25	155	0.9000,0.3000,0.4000
/PATCHDECK/UI/MAIN_INTERFACE/1_performance_stats/frametime_colour	base	tox	PATCHDECK/UI/MAIN_INTERFACE/1_performance_stats/frametime_colour.tox	2026-08-24 10:42:18 UTC		1	2025.33070	-600	-75	0.3250,0.8000,0.3000
/PATCHDECK/UI/MAIN_INTERFACE/1_performance_stats/fps_limit/me_export	table	tsv	PATCHDECK/UI/MAIN_INTERFACE/1_performance_stats/fps_limit/me_export.tsv	2026-08-24 10:42:18 UTC				-700	255	0.9000,0.3000,0.4000
/PATCHDECK/UI/MAIN_INTERFACE/1_performance_stats/fps_limit	base	tox	PATCHDECK/UI/MAIN_INTERFACE/1_performance_stats/fps_limit.tox	2026-08-24 10:42:18 UTC		1	2025.33070	-575	300	0.3250,0.8000,0.3000
/PATCHDECK/UI/MAIN_INTERFACE/1_performance_stats/fps_colour/out1_export	table	tsv	PATCHDECK/UI/MAIN_INTERFACE/1_performance_stats/fps_colour/out1_export.tsv	2026-08-24 10:42:18 UTC				25	155	0.9000,0.3000,0.4000
/PATCHDECK/UI/MAIN_INTERFACE/1_performance_stats/fps_colour	base	tox	PATCHDECK/UI/MAIN_INTERFACE/1_performance_stats/fps_colour.tox	2026-08-24 10:42:18 UTC		1	2025.33070	-575	475	0.3250,0.8000,0.3000
/PATCHDECK/UI/MAIN_INTERFACE/1_performance_stats/base1	base	tox	PATCHDECK/UI/MAIN_INTERFACE/1_performance_stats/base1.tox	2026-08-24 10:42:18 UTC		1	2025.33070	-1550	-175	0.3250,0.8000,0.3000
/PATCHDECK/UI/MAIN_INTERFACE/1_performance_stats	container	tox	PATCHDECK/UI/MAIN_INTERFACE/1_performance_stats.tox	2026-08-24 10:42:18 UTC		1	2025.33070	1675	4508	0.3250,0.8000,0.3000
/PATCHDECK/UI/MAIN_INTERFACE/1_clock/2_battery/null3_export	table	tsv	PATCHDECK/UI/MAIN_INTERFACE/1_clock/2_battery/null3_export.tsv	2026-08-24 10:42:19 UTC				500	425	0.9000,0.3000,0.4000
/PATCHDECK/UI/MAIN_INTERFACE/1_clock/2_battery/null2_export	table	tsv	PATCHDECK/UI/MAIN_INTERFACE/1_clock/2_battery/null2_export.tsv	2026-08-24 10:42:19 UTC				200	700	0.9000,0.3000,0.4000
/PATCHDECK/UI/MAIN_INTERFACE/1_clock/2_battery/null1_export	table	tsv	PATCHDECK/UI/MAIN_INTERFACE/1_clock/2_battery/null1_export.tsv	2026-08-24 10:42:19 UTC				650	550	0.9000,0.3000,0.4000
/PATCHDECK/UI/MAIN_INTERFACE/1_clock/2_battery	container	tox	PATCHDECK/UI/MAIN_INTERFACE/1_clock/2_battery.tox	2026-08-24 10:42:19 UTC		1	2025.33070	50	-250	0.3250,0.8000,0.3000
/PATCHDECK/UI/MAIN_INTERFACE/1_clock	container	tox	PATCHDECK/UI/MAIN_INTERFACE/1_clock.tox	2026-08-27 17:45:05 UTC		4	2025.33070	1675	13900	0.3250,0.8000,0.3000
/PATCHDECK/UI/MAIN_INTERFACE	container	tox	PATCHDECK/UI/MAIN_INTERFACE.tox	2026-08-27 17:45:07 UTC		17	2025.33070	200	425	0.3250,0.8000,0.3000
/PATCHDECK/UI/DMX_Interface/dmx_palette_options	table	tsv	PATCHDECK/UI/DMX_Interface/dmx_palette_options.tsv	2026-08-24 10:42:20 UTC				-400	0	0.9000,0.3000,0.4000
/PATCHDECK/UI/DMX_Interface/dmx_fixtureprofile_options	table	tsv	PATCHDECK/UI/DMX_Interface/dmx_fixtureprofile_options.tsv	2026-08-24 10:42:20 UTC				2000	0	0.9000,0.3000,0.4000
/PATCHDECK/UI/DMX_Interface	container	tox	PATCHDECK/UI/DMX_Interface.tox	2026-08-27 15:54:43 UTC		6	2025.33070	400	200	0.3250,0.8000,0.3000
/PATCHDECK/UI	base	tox	PATCHDECK/UI.tox	2026-08-27 17:45:08 UTC		12	2025.33070	250	475	0.3250,0.8000,0.3000
/PATCHDECK/PERFORM	window	tox	PATCHDECK/PERFORM.tox	2026-08-27 17:45:02 UTC		2	2025.33070	475	475	0.3250,0.8000,0.3000
/PATCHDECK/PATCHES/value_mapping	base	tox	PATCHDECK/PATCHES/value_mapping.tox	2026-08-24 10:42:22 UTC		1	2025.33070	-1050	-1550	0.3250,0.8000,0.3000
/PATCHDECK/PATCHES/speed	base	tox	PATCHDECK/PATCHES/speed.tox	2026-08-24 10:42:22 UTC		1	2025.33070	-1050	-1374	0.3250,0.8000,0.3000
/PATCHDECK/PATCHES/ndiout2_grouptable	table	tsv	PATCHDECK/PATCHES/ndiout2_grouptable.tsv	2026-08-24 10:42:22 UTC				2125	-1320	0.9000,0.3000,0.4000
/PATCHDECK/PATCHES/ndiout1_grouptable1	table	tsv	PATCHDECK/PATCHES/ndiout1_grouptable1.tsv	2026-08-24 10:42:22 UTC				2100	-670	0.9000,0.3000,0.4000
/PATCHDECK/PATCHES/ndiout1_grouptable	table	tsv	PATCHDECK/PATCHES/ndiout1_grouptable.tsv	2026-08-24 10:42:22 UTC				2100	-800	0.9000,0.3000,0.4000
/PATCHDECK/PATCHES/chan_info	table	tsv	PATCHDECK/PATCHES/chan_info.tsv	2026-08-24 10:42:22 UTC				-1050	-1199	0.9000,0.3000,0.4000
/PATCHDECK/PATCHES/X9/chan_info	table	tsv	PATCHDECK/PATCHES/X9/chan_info.tsv	2026-08-24 10:42:22 UTC				850	350	0.9000,0.3000,0.4000
/PATCHDECK/PATCHES/X9/Medusa1/geo4	geo	tox	PATCHDECK/PATCHES/X9/Medusa1/geo4.tox	2026-08-24 10:42:22 UTC		1	2025.33070	573	1572	0.3250,0.8000,0.3000
/PATCHDECK/PATCHES/X9/Medusa1/geo3	geo	tox	PATCHDECK/PATCHES/X9/Medusa1/geo3.tox	2026-08-24 10:42:22 UTC		1	2025.33070	625	850	0.3250,0.8000,0.3000
/PATCHDECK/PATCHES/X9/Medusa1/geo2	geo	tox	PATCHDECK/PATCHES/X9/Medusa1/geo2.tox	2026-08-24 10:42:22 UTC		1	2025.33070	1375	-225	0.3250,0.8000,0.3000
/PATCHDECK/PATCHES/X9/Medusa1/geo1	geo	tox	PATCHDECK/PATCHES/X9/Medusa1/geo1.tox	2026-08-24 10:42:22 UTC		1	2025.33070	1325	375	0.3250,0.8000,0.3000
/PATCHDECK/PATCHES/X9/Medusa1/cam1	cam	tox	PATCHDECK/PATCHES/X9/Medusa1/cam1.tox	2026-08-24 10:42:22 UTC		1	2025.33070	1325	550	0.3250,0.8000,0.3000
/PATCHDECK/PATCHES/X9/Medusa1	base	tox	PATCHDECK/PATCHES/X9/Medusa1.tox	2026-08-24 10:42:22 UTC		1	2025.33070	1075	-150	0.3250,0.8000,0.3000
/PATCHDECK/PATCHES/X9/CTRL/index	table	tsv	PATCHDECK/PATCHES/X9/CTRL/index.tsv	2026-08-24 10:42:22 UTC				-2950	1875	0.9000,0.3000,0.4000
/PATCHDECK/PATCHES/X9/CTRL/execute1	execute	py	PATCHDECK/PATCHES/X9/CTRL/execute1.py	2026-08-24 10:42:22 UTC				-2950	1975	0.9000,0.3000,0.4000
/PATCHDECK/PATCHES/X9/CTRL	base	tox	PATCHDECK/PATCHES/X9/CTRL.tox	2026-08-24 10:42:22 UTC		1	2025.33070	50	-125	0.3250,0.8000,0.3000
/PATCHDECK/PATCHES/X9	base	tox	PATCHDECK/PATCHES/X9.tox	2026-08-24 10:42:22 UTC		1	2025.33070	-2920	-295	0.3250,0.8000,0.3000
/PATCHDECK/PATCHES/X8/chan_info	table	tsv	PATCHDECK/PATCHES/X8/chan_info.tsv	2026-08-24 10:42:22 UTC				850	350	0.9000,0.3000,0.4000
/PATCHDECK/PATCHES/X8/Medusa/geo4	geo	tox	PATCHDECK/PATCHES/X8/Medusa/geo4.tox	2026-08-24 10:42:22 UTC		1	2025.33070	473	1547	0.3250,0.8000,0.3000
/PATCHDECK/PATCHES/X8/Medusa/geo3	geo	tox	PATCHDECK/PATCHES/X8/Medusa/geo3.tox	2026-08-24 10:42:22 UTC		1	2025.33070	525	825	0.3250,0.8000,0.3000
/PATCHDECK/PATCHES/X8/Medusa/geo2	geo	tox	PATCHDECK/PATCHES/X8/Medusa/geo2.tox	2026-08-24 10:42:22 UTC		1	2025.33070	1275	-250	0.3250,0.8000,0.3000
/PATCHDECK/PATCHES/X8/Medusa/geo1	geo	tox	PATCHDECK/PATCHES/X8/Medusa/geo1.tox	2026-08-24 10:42:22 UTC		1	2025.33070	1225	350	0.3250,0.8000,0.3000
/PATCHDECK/PATCHES/X8/Medusa/cam1	cam	tox	PATCHDECK/PATCHES/X8/Medusa/cam1.tox	2026-08-24 10:42:22 UTC		1	2025.33070	1225	525	0.3250,0.8000,0.3000
/PATCHDECK/PATCHES/X8/Medusa	base	tox	PATCHDECK/PATCHES/X8/Medusa.tox	2026-08-24 10:42:22 UTC		1	2025.33070	1309	-172	0.3250,0.8000,0.3000
/PATCHDECK/PATCHES/X8/CTRL/index	table	tsv	PATCHDECK/PATCHES/X8/CTRL/index.tsv	2026-08-24 10:42:22 UTC				-2950	1875	0.9000,0.3000,0.4000
/PATCHDECK/PATCHES/X8/CTRL/execute1	execute	py	PATCHDECK/PATCHES/X8/CTRL/execute1.py	2026-08-24 10:42:22 UTC				-2950	1975	0.9000,0.3000,0.4000
/PATCHDECK/PATCHES/X8/CTRL	base	tox	PATCHDECK/PATCHES/X8/CTRL.tox	2026-08-24 10:42:22 UTC		1	2025.33070	50	-125	0.3250,0.8000,0.3000
/PATCHDECK/PATCHES/X8	base	tox	PATCHDECK/PATCHES/X8.tox	2026-08-24 10:42:22 UTC		1	2025.33070	-1670	-120	0.3250,0.8000,0.3000
/PATCHDECK/PATCHES/X7/chan_info	table	tsv	PATCHDECK/PATCHES/X7/chan_info.tsv	2026-08-24 10:42:22 UTC				850	350	0.9000,0.3000,0.4000
/PATCHDECK/PATCHES/X7/Grid/grid/geo2	geo	tox	PATCHDECK/PATCHES/X7/Grid/grid/geo2.tox	2026-08-24 10:42:22 UTC		1	2025.33070	1550	-1300	0.3250,0.8000,0.3000
/PATCHDECK/PATCHES/X7/Grid/grid/cam2	cam	tox	PATCHDECK/PATCHES/X7/Grid/grid/cam2.tox	2026-08-24 10:42:23 UTC		1	2025.33070	1150	-1450	0.3250,0.8000,0.3000
/PATCHDECK/PATCHES/X7/Grid/grid	base	tox	PATCHDECK/PATCHES/X7/Grid/grid.tox	2026-08-24 10:42:23 UTC		1	2025.33070	-925	-1025	0.3250,0.8000,0.3000
/PATCHDECK/PATCHES/X7/Grid	base	tox	PATCHDECK/PATCHES/X7/Grid.tox	2026-08-24 10:42:23 UTC		1	2025.33070	700	-375	0.3250,0.8000,0.3000
/PATCHDECK/PATCHES/X7/CTRL/index	table	tsv	PATCHDECK/PATCHES/X7/CTRL/index.tsv	2026-08-24 10:42:23 UTC				-2950	1875	0.9000,0.3000,0.4000
/PATCHDECK/PATCHES/X7/CTRL/execute1	execute	py	PATCHDECK/PATCHES/X7/CTRL/execute1.py	2026-08-24 10:42:23 UTC				-2950	1975	0.9000,0.3000,0.4000
/PATCHDECK/PATCHES/X7/CTRL	base	tox	PATCHDECK/PATCHES/X7/CTRL.tox	2026-08-24 10:42:23 UTC		1	2025.33070	50	-125	0.3250,0.8000,0.3000
/PATCHDECK/PATCHES/X7	base	tox	PATCHDECK/PATCHES/X7.tox	2026-08-24 10:42:23 UTC		1	2025.33070	-1845	-120	0.3250,0.8000,0.3000
/PATCHDECK/PATCHES/X6/chan_info	table	tsv	PATCHDECK/PATCHES/X6/chan_info.tsv	2026-08-24 10:42:23 UTC				850	350	0.9000,0.3000,0.4000
/PATCHDECK/PATCHES/X6/LiquidTrace/project2/in1_export	table	tsv	PATCHDECK/PATCHES/X6/LiquidTrace/project2/in1_export.tsv	2026-08-24 10:42:23 UTC				-850	-195	0.9000,0.3000,0.4000
/PATCHDECK/PATCHES/X6/LiquidTrace/project2/geo2	geo	tox	PATCHDECK/PATCHES/X6/LiquidTrace/project2/geo2.tox	2026-08-24 10:42:23 UTC		1	2025.33070	550	-1150	0.3250,0.8000,0.3000
/PATCHDECK/PATCHES/X6/LiquidTrace/project2/geo1	geo	tox	PATCHDECK/PATCHES/X6/LiquidTrace/project2/geo1.tox	2026-08-24 10:42:23 UTC		1	2025.33070	550	-1000	0.3250,0.8000,0.3000
/PATCHDECK/PATCHES/X6/LiquidTrace/project2/cam1	cam	tox	PATCHDECK/PATCHES/X6/LiquidTrace/project2/cam1.tox	2026-08-24 10:42:23 UTC		1	2025.33070	550	-800	0.3250,0.8000,0.3000
/PATCHDECK/PATCHES/X6/LiquidTrace/project2	container	tox	PATCHDECK/PATCHES/X6/LiquidTrace/project2.tox	2026-08-24 10:42:23 UTC		1	2025.33070	-14075	-2575	0.3250,0.8000,0.3000
/PATCHDECK/PATCHES/X6/LiquidTrace	bsolver	tox	PATCHDECK/PATCHES/X6/LiquidTrace.tox	2026-08-24 10:42:23 UTC		1	2025.33070	1125	-125	0.3250,0.8000,0.3000
/PATCHDECK/PATCHES/X6/CTRL/index	table	tsv	PATCHDECK/PATCHES/X6/CTRL/index.tsv	2026-08-24 10:42:23 UTC				-2950	1875	0.9000,0.3000,0.4000
/PATCHDECK/PATCHES/X6/CTRL/execute1	execute	py	PATCHDECK/PATCHES/X6/CTRL/execute1.py	2026-08-24 10:42:23 UTC				-2950	1975	0.9000,0.3000,0.4000
/PATCHDECK/PATCHES/X6/CTRL	base	tox	PATCHDECK/PATCHES/X6/CTRL.tox	2026-08-24 10:42:23 UTC		1	2025.33070	50	-125	0.3250,0.8000,0.3000
/PATCHDECK/PATCHES/X6	base	tox	PATCHDECK/PATCHES/X6.tox	2026-08-24 10:42:23 UTC		1	2025.33070	-2020	-120	0.3250,0.8000,0.3000
/PATCHDECK/PATCHES/X5/chan_info	table	tsv	PATCHDECK/PATCHES/X5/chan_info.tsv	2026-08-24 10:42:23 UTC				850	350	0.9000,0.3000,0.4000
/PATCHDECK/PATCHES/X5/LiquidTrace/liquid_sphere/ramp2_keys	table	tsv	PATCHDECK/PATCHES/X5/LiquidTrace/liquid_sphere/ramp2_keys.tsv	2026-08-24 10:42:23 UTC				100	50	0.9000,0.3000,0.4000
/PATCHDECK/PATCHES/X5/LiquidTrace/liquid_sphere/ramp1_keys	table	tsv	PATCHDECK/PATCHES/X5/LiquidTrace/liquid_sphere/ramp1_keys.tsv	2026-08-24 10:42:23 UTC				100	175	0.9000,0.3000,0.4000
/PATCHDECK/PATCHES/X5/LiquidTrace/liquid_sphere/base2	base	tox	PATCHDECK/PATCHES/X5/LiquidTrace/liquid_sphere/base2.tox	2026-08-24 10:42:23 UTC		1	2025.33070	350	-150	0.3250,0.8000,0.3000
/PATCHDECK/PATCHES/X5/LiquidTrace/liquid_sphere/base1	base	tox	PATCHDECK/PATCHES/X5/LiquidTrace/liquid_sphere/base1.tox	2026-08-24 10:42:23 UTC		1	2025.33070	-425	475	0.3250,0.8000,0.3000
/PATCHDECK/PATCHES/X5/LiquidTrace/liquid_sphere	container	tox	PATCHDECK/PATCHES/X5/LiquidTrace/liquid_sphere.tox	2026-08-24 10:42:23 UTC		1	2025.33070	-14675	-2625	0.3250,0.8000,0.3000
/PATCHDECK/PATCHES/X5/LiquidTrace	bsolver	tox	PATCHDECK/PATCHES/X5/LiquidTrace.tox	2026-08-24 10:42:23 UTC		1	2025.33070	1050	-150	0.3250,0.8000,0.3000
/PATCHDECK/PATCHES/X5/CTRL/index	table	tsv	PATCHDECK/PATCHES/X5/CTRL/index.tsv	2026-08-24 10:42:23 UTC				-2950	1875	0.9000,0.3000,0.4000
/PATCHDECK/PATCHES/X5/CTRL/execute1	execute	py	PATCHDECK/PATCHES/X5/CTRL/execute1.py	2026-08-24 10:42:23 UTC				-2950	1975	0.9000,0.3000,0.4000
/PATCHDECK/PATCHES/X5/CTRL	base	tox	PATCHDECK/PATCHES/X5/CTRL.tox	2026-08-24 10:42:23 UTC		1	2025.33070	50	-125	0.3250,0.8000,0.3000
/PATCHDECK/PATCHES/X5	base	tox	PATCHDECK/PATCHES/X5.tox	2026-08-24 10:42:23 UTC		1	2025.33070	-2195	-120	0.3250,0.8000,0.3000
/PATCHDECK/PATCHES/X4/chan_info	table	tsv	PATCHDECK/PATCHES/X4/chan_info.tsv	2026-08-24 10:42:23 UTC				850	350	0.9000,0.3000,0.4000
/PATCHDECK/PATCHES/X4/base1/project1/ramp1_keys	table	tsv	PATCHDECK/PATCHES/X4/base1/project1/ramp1_keys.tsv	2026-08-24 10:42:23 UTC				1425	-120	0.9000,0.3000,0.4000
/PATCHDECK/PATCHES/X4/base1/project1/pointGenerator/torussurf	text	glsl	PATCHDECK/PATCHES/X4/base1/project1/pointGenerator/torussurf.glsl	2026-08-24 10:42:23 UTC				-180	-1040	0.9000,0.3000,0.4000
/PATCHDECK/PATCHES/X4/base1/project1/pointGenerator/torus	text	glsl	PATCHDECK/PATCHES/X4/base1/project1/pointGenerator/torus.glsl	2026-08-24 10:42:23 UTC				-180	-930	0.9000,0.3000,0.4000
/PATCHDECK/PATCHES/X4/base1/project1/pointGenerator/spheresurf	text	glsl	PATCHDECK/PATCHES/X4/base1/project1/pointGenerator/spheresurf.glsl	2026-08-24 10:42:23 UTC				-180	-270	0.9000,0.3000,0.4000
/PATCHDECK/PATCHES/X4/base1/project1/pointGenerator/sphere	text	glsl	PATCHDECK/PATCHES/X4/base1/project1/pointGenerator/sphere.glsl	2026-08-24 10:42:23 UTC				-180	-160	0.9000,0.3000,0.4000
/PATCHDECK/PATCHES/X4/base1/project1/pointGenerator/rectangle	text	glsl	PATCHDECK/PATCHES/X4/base1/project1/pointGenerator/rectangle.glsl	2026-08-24 10:42:23 UTC				-180	-600	0.9000,0.3000,0.4000
/PATCHDECK/PATCHES/X4/base1/project1/pointGenerator/line	text	glsl	PATCHDECK/PATCHES/X4/base1/project1/pointGenerator/line.glsl	2026-08-24 10:42:23 UTC				-180	-1150	0.9000,0.3000,0.4000
/PATCHDECK/PATCHES/X4/base1/project1/pointGenerator/glsl2_pixel	text	glsl	PATCHDECK/PATCHES/X4/base1/project1/pointGenerator/glsl2_pixel.glsl	2026-08-24 10:42:23 UTC				240	10	0.9000,0.3000,0.4000
/PATCHDECK/PATCHES/X4/base1/project1/pointGenerator/glsl2_compute	text	glsl	PATCHDECK/PATCHES/X4/base1/project1/pointGenerator/glsl2_compute.glsl	2026-08-24 10:42:23 UTC				560	20	0.9000,0.3000,0.4000
/PATCHDECK/PATCHES/X4/base1/project1/pointGenerator/disc	text	glsl	PATCHDECK/PATCHES/X4/base1/project1/pointGenerator/disc.glsl	2026-08-24 10:42:23 UTC				-180	-710	0.9000,0.3000,0.4000
/PATCHDECK/PATCHES/X4/base1/project1/pointGenerator/circle	text	glsl	PATCHDECK/PATCHES/X4/base1/project1/pointGenerator/circle.glsl	2026-08-24 10:42:23 UTC				-180	-820	0.9000,0.3000,0.4000
/PATCHDECK/PATCHES/X4/base1/project1/pointGenerator/boxsurf	text	glsl	PATCHDECK/PATCHES/X4/base1/project1/pointGenerator/boxsurf.glsl	2026-08-24 10:42:23 UTC				-180	-490	0.9000,0.3000,0.4000
/PATCHDECK/PATCHES/X4/base1/project1/pointGenerator/box	text	glsl	PATCHDECK/PATCHES/X4/base1/project1/pointGenerator/box.glsl	2026-08-24 10:42:23 UTC				-180	-380	0.9000,0.3000,0.4000
/PATCHDECK/PATCHES/X4/base1/project1/pointGenerator	base	tox	PATCHDECK/PATCHES/X4/base1/project1/pointGenerator.tox	2026-08-24 10:42:23 UTC		1	2025.33070	-50	1300	0.3250,0.8000,0.3000
/PATCHDECK/PATCHES/X4/base1/project1/glsl1_pixel	text	glsl	PATCHDECK/PATCHES/X4/base1/project1/glsl1_pixel.glsl	2026-08-24 10:42:23 UTC				1200	1130	0.9000,0.3000,0.4000
/PATCHDECK/PATCHES/X4/base1/project1/glsl1_compute	text	glsl	PATCHDECK/PATCHES/X4/base1/project1/glsl1_compute.glsl	2026-08-24 10:42:23 UTC				1520	1130	0.9000,0.3000,0.4000
/PATCHDECK/PATCHES/X4/base1/project1/geo1	geo	tox	PATCHDECK/PATCHES/X4/base1/project1/geo1.tox	2026-08-24 10:42:23 UTC		1	2025.33070	2050	1525	0.3250,0.8000,0.3000
/PATCHDECK/PATCHES/X4/base1/project1/cam1	cam	tox	PATCHDECK/PATCHES/X4/base1/project1/cam1.tox	2026-08-24 10:42:23 UTC		1	2025.33070	2050	1700	0.3250,0.8000,0.3000
/PATCHDECK/PATCHES/X4/base1/project1/2d_fluid_solver/with_hardware_derivatives	text	glsl	PATCHDECK/PATCHES/X4/base1/project1/2d_fluid_solver/with_hardware_derivatives.glsl	2026-08-24 10:42:23 UTC				-132	-355	0.9000,0.3000,0.4000
/PATCHDECK/PATCHES/X4/base1/project1/2d_fluid_solver/manual_derivatives	text	glsl	PATCHDECK/PATCHES/X4/base1/project1/2d_fluid_solver/manual_derivatives.glsl	2026-08-24 10:42:23 UTC				-114	-485	0.9000,0.3000,0.4000
/PATCHDECK/PATCHES/X4/base1/project1/2d_fluid_solver/glsl6_pixel	text	glsl	PATCHDECK/PATCHES/X4/base1/project1/2d_fluid_solver/glsl6_pixel.glsl	2026-08-24 10:42:23 UTC				-175	-125	0.9000,0.3000,0.4000
/PATCHDECK/PATCHES/X4/base1/project1/2d_fluid_solver/glsl2_pixel	text	glsl	PATCHDECK/PATCHES/X4/base1/project1/2d_fluid_solver/glsl2_pixel.glsl	2026-08-24 10:42:23 UTC				750	-120	0.9000,0.3000,0.4000
/PATCHDECK/PATCHES/X4/base1/project1/2d_fluid_solver/glsl1_pixel3	text	glsl	PATCHDECK/PATCHES/X4/base1/project1/2d_fluid_solver/glsl1_pixel3.glsl	2026-08-24 10:42:23 UTC				-350	-120	0.9000,0.3000,0.4000
/PATCHDECK/PATCHES/X4/base1/project1/2d_fluid_solver	base	tox	PATCHDECK/PATCHES/X4/base1/project1/2d_fluid_solver.tox	2026-08-24 10:42:23 UTC		1	2025.33070	75	550	0.3250,0.8000,0.3000
/PATCHDECK/PATCHES/X4/base1/project1	container	tox	PATCHDECK/PATCHES/X4/base1/project1.tox	2026-08-24 10:42:23 UTC		1	2025.33070	1150	575	0.3250,0.8000,0.3000
/PATCHDECK/PATCHES/X4/base1	base	tox	PATCHDECK/PATCHES/X4/base1.tox	2026-08-24 10:42:23 UTC		1	2025.33070	1050	-125	0.3250,0.8000,0.3000
/PATCHDECK/PATCHES/X4/CTRL/index	table	tsv	PATCHDECK/PATCHES/X4/CTRL/index.tsv	2026-08-24 10:42:23 UTC				-2950	1875	0.9000,0.3000,0.4000
/PATCHDECK/PATCHES/X4/CTRL/execute1	execute	py	PATCHDECK/PATCHES/X4/CTRL/execute1.py	2026-08-24 10:42:23 UTC				-2950	1975	0.9000,0.3000,0.4000
/PATCHDECK/PATCHES/X4/CTRL	base	tox	PATCHDECK/PATCHES/X4/CTRL.tox	2026-08-24 10:42:23 UTC		1	2025.33070	50	-125	0.3250,0.8000,0.3000
/PATCHDECK/PATCHES/X4	base	tox	PATCHDECK/PATCHES/X4.tox	2026-08-24 10:42:23 UTC		1	2025.33070	-2395	-120	0.3250,0.8000,0.3000
/PATCHDECK/PATCHES/X38/light1	light	tox	PATCHDECK/PATCHES/X38/light1.tox	2026-08-24 10:42:23 UTC		1	2025.33070	400	200	0.3250,0.8000,0.3000
/PATCHDECK/PATCHES/X38/geo_points/script_points_callbacks	text	py	PATCHDECK/PATCHES/X38/geo_points/script_points_callbacks.py	2026-08-24 10:42:23 UTC				0	-120	0.9000,0.3000,0.4000
/PATCHDECK/PATCHES/X38/geo_points	geo	tox	PATCHDECK/PATCHES/X38/geo_points.tox	2026-08-24 10:42:23 UTC		1	2025.33070	800	200	0.3250,0.8000,0.3000
/PATCHDECK/PATCHES/X38/cam1	cam	tox	PATCHDECK/PATCHES/X38/cam1.tox	2026-08-24 10:42:23 UTC		1	2025.33070	0	200	0.3250,0.8000,0.3000
/PATCHDECK/PATCHES/X38	base	tox	PATCHDECK/PATCHES/X38.tox	2026-08-24 10:42:23 UTC		1	2025.33070	-2050	-925	0.3250,0.8000,0.3000
/PATCHDECK/PATCHES/X37	base	tox	PATCHDECK/PATCHES/X37.tox	2026-08-24 10:42:23 UTC		1	2025.33070	-2225	-925	0.3250,0.8000,0.3000
/PATCHDECK/PATCHES/X36/s4_vertical_scale	base	tox	PATCHDECK/PATCHES/X36/s4_vertical_scale.tox	2026-08-24 10:42:23 UTC		1	2025.33070	150	100	0.3250,0.8000,0.3000
/PATCHDECK/PATCHES/X36/s3_harmonic_gain	base	tox	PATCHDECK/PATCHES/X36/s3_harmonic_gain.tox	2026-08-24 10:42:23 UTC		1	2025.33070	-125	-375	0.3250,0.8000,0.3000
/PATCHDECK/PATCHES/X36/s2_offset	base	tox	PATCHDECK/PATCHES/X36/s2_offset.tox	2026-08-24 10:42:23 UTC		1	2025.33070	-125	-125	0.3250,0.8000,0.3000
/PATCHDECK/PATCHES/X36/s1_Speed	base	tox	PATCHDECK/PATCHES/X36/s1_Speed.tox	2026-08-24 10:42:23 UTC		1	2025.33070	-125	50	0.3250,0.8000,0.3000
/PATCHDECK/PATCHES/X36/r3_y/out1_export	table	tsv	PATCHDECK/PATCHES/X36/r3_y/out1_export.tsv	2026-08-24 10:42:23 UTC				-750	-195	0.9000,0.3000,0.4000
/PATCHDECK/PATCHES/X36/r3_y	base	tox	PATCHDECK/PATCHES/X36/r3_y.tox	2026-08-24 10:42:23 UTC		1	2025.33070	1125	-750	0.3250,0.8000,0.3000
/PATCHDECK/PATCHES/X36/r2_x/out1_export	table	tsv	PATCHDECK/PATCHES/X36/r2_x/out1_export.tsv	2026-08-24 10:42:23 UTC				-750	-195	0.9000,0.3000,0.4000
/PATCHDECK/PATCHES/X36/r2_x	base	tox	PATCHDECK/PATCHES/X36/r2_x.tox	2026-08-24 10:42:24 UTC		1	2025.33070	825	-625	0.3250,0.8000,0.3000
/PATCHDECK/PATCHES/X36/r1_feedback	base	tox	PATCHDECK/PATCHES/X36/r1_feedback.tox	2026-08-24 10:42:24 UTC		1	2025.33070	1500	75	0.3250,0.8000,0.3000
/PATCHDECK/PATCHES/X36/chan_info	table	tsv	PATCHDECK/PATCHES/X36/chan_info.tsv	2026-08-24 10:42:24 UTC				100	500	0.9000,0.3000,0.4000
/PATCHDECK/PATCHES/X36	base	tox	PATCHDECK/PATCHES/X36.tox	2026-08-24 10:42:24 UTC		1	2025.33070	-2400	-925	0.3250,0.8000,0.3000
/PATCHDECK/PATCHES/X35/chan_info	table	tsv	PATCHDECK/PATCHES/X35/chan_info.tsv	2026-08-24 10:42:24 UTC				850	350	0.9000,0.3000,0.4000
/PATCHDECK/PATCHES/X35/Sndviz/waveform/pixelFormatExec	chopexec	py	PATCHDECK/PATCHES/X35/Sndviz/waveform/pixelFormatExec.py	2026-08-24 10:42:24 UTC				200	400	0.9000,0.3000,0.4000
/PATCHDECK/PATCHES/X35/Sndviz/waveform/parexec_stereoviz	parexec	py	PATCHDECK/PATCHES/X35/Sndviz/waveform/parexec_stereoviz.py	2026-08-24 10:42:24 UTC				200	-150	0.9000,0.3000,0.4000
/PATCHDECK/PATCHES/X35/Sndviz/waveform/geo2	geo	tox	PATCHDECK/PATCHES/X35/Sndviz/waveform/geo2.tox	2026-08-24 10:42:24 UTC		1	2025.33070	600	0	0.3250,0.8000,0.3000
/PATCHDECK/PATCHES/X35/Sndviz/waveform/geo1	geo	tox	PATCHDECK/PATCHES/X35/Sndviz/waveform/geo1.tox	2026-08-24 10:42:24 UTC		1	2025.33070	600	200	0.3250,0.8000,0.3000
/PATCHDECK/PATCHES/X35/Sndviz/waveform/cam1	cam	tox	PATCHDECK/PATCHES/X35/Sndviz/waveform/cam1.tox	2026-08-24 10:42:24 UTC		1	2025.33070	900	400	0.3250,0.8000,0.3000
/PATCHDECK/PATCHES/X35/Sndviz/waveform	base	tox	PATCHDECK/PATCHES/X35/Sndviz/waveform.tox	2026-08-24 10:42:24 UTC		1	2025.33070	-200	400	0.3250,0.8000,0.3000
/PATCHDECK/PATCHES/X35/Sndviz/point_cloud/sampleQualityExec	chopexec	py	PATCHDECK/PATCHES/X35/Sndviz/point_cloud/sampleQualityExec.py	2026-08-24 10:42:24 UTC				200	600	0.9000,0.3000,0.4000
/PATCHDECK/PATCHES/X35/Sndviz/point_cloud/pixelFormatExec	chopexec	py	PATCHDECK/PATCHES/X35/Sndviz/point_cloud/pixelFormatExec.py	2026-08-24 10:42:24 UTC				200	700	0.9000,0.3000,0.4000
/PATCHDECK/PATCHES/X35/Sndviz/point_cloud/delayExec	text	py	PATCHDECK/PATCHES/X35/Sndviz/point_cloud/delayExec.py	2026-08-24 10:42:24 UTC				400	600	0.9000,0.3000,0.4000
/PATCHDECK/PATCHES/X35/Sndviz/point_cloud	base	tox	PATCHDECK/PATCHES/X35/Sndviz/point_cloud.tox	2026-08-24 10:42:24 UTC		1	2025.33070	-750	1250	0.3250,0.8000,0.3000
/PATCHDECK/PATCHES/X35/Sndviz/graph/resParExec	parexec	py	PATCHDECK/PATCHES/X35/Sndviz/graph/resParExec.py	2026-08-24 10:42:24 UTC				0	300	0.9000,0.3000,0.4000
/PATCHDECK/PATCHES/X35/Sndviz/graph/delayResParExec	text	py	PATCHDECK/PATCHES/X35/Sndviz/graph/delayResParExec.py	2026-08-24 10:42:24 UTC				200	300	0.9000,0.3000,0.4000
/PATCHDECK/PATCHES/X35/Sndviz/graph	base	tox	PATCHDECK/PATCHES/X35/Sndviz/graph.tox	2026-08-24 10:42:24 UTC		1	2025.33070	-200	1000	0.3250,0.8000,0.3000
/PATCHDECK/PATCHES/X35/Sndviz/eq/glslmulti1_pixel	text	glsl	PATCHDECK/PATCHES/X35/Sndviz/eq/glslmulti1_pixel.glsl	2026-08-24 10:42:24 UTC				800	75	0.9000,0.3000,0.4000
/PATCHDECK/PATCHES/X35/Sndviz/eq/glslmulti1_compute	text	glsl	PATCHDECK/PATCHES/X35/Sndviz/eq/glslmulti1_compute.glsl	2026-08-24 10:42:24 UTC				1100	75	0.9000,0.3000,0.4000
/PATCHDECK/PATCHES/X35/Sndviz/eq	base	tox	PATCHDECK/PATCHES/X35/Sndviz/eq.tox	2026-08-24 10:42:24 UTC		1	2025.33070	-200	550	0.3250,0.8000,0.3000
/PATCHDECK/PATCHES/X35/Sndviz/bars	base	tox	PATCHDECK/PATCHES/X35/Sndviz/bars.tox	2026-08-24 10:42:24 UTC		1	2025.33070	-200	850	0.3250,0.8000,0.3000
/PATCHDECK/PATCHES/X35/Sndviz/audio/switchIfNotPresentExec	datexec	py	PATCHDECK/PATCHES/X35/Sndviz/audio/switchIfNotPresentExec.py	2026-08-24 10:42:24 UTC				1050	-600	0.9000,0.3000,0.4000
/PATCHDECK/PATCHES/X35/Sndviz/audio/parExec	parexec	py	PATCHDECK/PATCHES/X35/Sndviz/audio/parExec.py	2026-08-24 10:42:24 UTC				-1000	0	0.9000,0.3000,0.4000
/PATCHDECK/PATCHES/X35/Sndviz/audio/errorExec	chopexec	py	PATCHDECK/PATCHES/X35/Sndviz/audio/errorExec.py	2026-08-24 10:42:24 UTC				400	700	0.9000,0.3000,0.4000
/PATCHDECK/PATCHES/X35/Sndviz/audio	base	tox	PATCHDECK/PATCHES/X35/Sndviz/audio.tox	2026-08-24 10:42:24 UTC		1	2025.33070	-975	1250	0.3250,0.8000,0.3000
/PATCHDECK/PATCHES/X35/Sndviz	container	tox	PATCHDECK/PATCHES/X35/Sndviz.tox	2026-08-24 10:42:24 UTC		1	2025.33070	1050	-125	0.3250,0.8000,0.3000
/PATCHDECK/PATCHES/X35/CTRL/index	table	tsv	PATCHDECK/PATCHES/X35/CTRL/index.tsv	2026-08-24 10:42:24 UTC				-2950	1875	0.9000,0.3000,0.4000
/PATCHDECK/PATCHES/X35/CTRL/execute1	execute	py	PATCHDECK/PATCHES/X35/CTRL/execute1.py	2026-08-24 10:42:24 UTC				-2950	1975	0.9000,0.3000,0.4000
/PATCHDECK/PATCHES/X35/CTRL	base	tox	PATCHDECK/PATCHES/X35/CTRL.tox	2026-08-24 10:42:24 UTC		1	2025.33070	50	-125	0.3250,0.8000,0.3000
/PATCHDECK/PATCHES/X35	base	tox	PATCHDECK/PATCHES/X35.tox	2026-08-24 10:42:24 UTC		1	2025.33070	-2575	-916	0.3250,0.8000,0.3000
/PATCHDECK/PATCHES/X34/onde/geo1	geo	tox	PATCHDECK/PATCHES/X34/onde/geo1.tox	2026-08-24 10:42:24 UTC		1	2025.33070	125	50	0.3250,0.8000,0.3000
/PATCHDECK/PATCHES/X34/onde/cam1	cam	tox	PATCHDECK/PATCHES/X34/onde/cam1.tox	2026-08-24 10:42:24 UTC		1	2025.33070	125	125	0.3250,0.8000,0.3000
/PATCHDECK/PATCHES/X34/onde	container	tox	PATCHDECK/PATCHES/X34/onde.tox	2026-08-24 10:42:24 UTC		1	2025.33070	1075	-150	0.3250,0.8000,0.3000
/PATCHDECK/PATCHES/X34/chan_info	table	tsv	PATCHDECK/PATCHES/X34/chan_info.tsv	2026-08-24 10:42:24 UTC				825	350	0.9000,0.3000,0.4000
/PATCHDECK/PATCHES/X34/CTRL/index	table	tsv	PATCHDECK/PATCHES/X34/CTRL/index.tsv	2026-08-24 10:42:24 UTC				-2950	1875	0.9000,0.3000,0.4000
/PATCHDECK/PATCHES/X34/CTRL/execute1	execute	py	PATCHDECK/PATCHES/X34/CTRL/execute1.py	2026-08-24 10:42:24 UTC				-2950	1975	0.9000,0.3000,0.4000
/PATCHDECK/PATCHES/X34/CTRL	base	tox	PATCHDECK/PATCHES/X34/CTRL.tox	2026-08-24 10:42:24 UTC		1	2025.33070	50	-125	0.3250,0.8000,0.3000
/PATCHDECK/PATCHES/X34	base	tox	PATCHDECK/PATCHES/X34.tox	2026-08-24 10:42:24 UTC		1	2025.33070	-2775	-916	0.3250,0.8000,0.3000
/PATCHDECK/PATCHES/X33/chan_info	table	tsv	PATCHDECK/PATCHES/X33/chan_info.tsv	2026-08-24 10:42:24 UTC				850	350	0.9000,0.3000,0.4000
/PATCHDECK/PATCHES/X33/The_Shore/ramp1_keys	table	tsv	PATCHDECK/PATCHES/X33/The_Shore/ramp1_keys.tsv	2026-08-24 10:42:24 UTC				2050	-375	0.9000,0.3000,0.4000
/PATCHDECK/PATCHES/X33/The_Shore/null3	null	tox	PATCHDECK/PATCHES/X33/The_Shore/null3.tox	2026-08-24 10:42:24 UTC		1	2025.33070	325	150	0.3250,0.8000,0.3000
/PATCHDECK/PATCHES/X33/The_Shore/geo2	geo	tox	PATCHDECK/PATCHES/X33/The_Shore/geo2.tox	2026-08-24 10:42:24 UTC		1	2025.33070	50	-525	0.3250,0.8000,0.3000
/PATCHDECK/PATCHES/X33/The_Shore/geo1	geo	tox	PATCHDECK/PATCHES/X33/The_Shore/geo1.tox	2026-08-24 10:42:24 UTC		1	2025.33070	50	-50	0.3250,0.8000,0.3000
/PATCHDECK/PATCHES/X33/The_Shore/feedbackEdge/wetDryMix/null1_export	table	tsv	PATCHDECK/PATCHES/X33/The_Shore/feedbackEdge/wetDryMix/null1_export.tsv	2026-08-24 10:42:24 UTC				1240	-380	0.9000,0.3000,0.4000
/PATCHDECK/PATCHES/X33/The_Shore/feedbackEdge/wetDryMix	base	tox	PATCHDECK/PATCHES/X33/The_Shore/feedbackEdge/wetDryMix.tox	2026-08-24 10:42:24 UTC		1	2025.33070	2680	-10	0.3250,0.8000,0.3000
/PATCHDECK/PATCHES/X33/The_Shore/feedbackEdge	base	tox	PATCHDECK/PATCHES/X33/The_Shore/feedbackEdge.tox	2026-08-24 10:42:24 UTC		1	2025.33070	958	235	0.3250,0.8000,0.3000
/PATCHDECK/PATCHES/X33/The_Shore/cam1	cam	tox	PATCHDECK/PATCHES/X33/The_Shore/cam1.tox	2026-08-24 10:42:24 UTC		1	2025.33070	50	150	0.3250,0.8000,0.3000
/PATCHDECK/PATCHES/X33/The_Shore/bloom/window_ramp	window	tox	PATCHDECK/PATCHES/X33/The_Shore/bloom/window_ramp.tox	2026-08-24 10:42:24 UTC		1	2025.33070	1580	-470	0.3250,0.8000,0.3000
/PATCHDECK/PATCHES/X33/The_Shore/bloom/replicator1_callbacks	text	py	PATCHDECK/PATCHES/X33/The_Shore/bloom/replicator1_callbacks.py	2026-08-24 10:42:24 UTC				950	350	0.9000,0.3000,0.4000
/PATCHDECK/PATCHES/X33/The_Shore/bloom/replicator1	replicator	tox	PATCHDECK/PATCHES/X33/The_Shore/bloom/replicator1.tox	2026-08-24 10:42:24 UTC		1	2025.33070	770	355	0.3250,0.8000,0.3000
/PATCHDECK/PATCHES/X33/The_Shore/bloom/ramp1_keys	table	tsv	PATCHDECK/PATCHES/X33/The_Shore/bloom/ramp1_keys.tsv	2026-08-24 10:42:24 UTC				1220	-430	0.9000,0.3000,0.4000
/PATCHDECK/PATCHES/X33/The_Shore/bloom/parexec1	parexec	py	PATCHDECK/PATCHES/X33/The_Shore/bloom/parexec1.py	2026-08-24 10:42:24 UTC				1400	-190	0.9000,0.3000,0.4000
/PATCHDECK/PATCHES/X33/The_Shore/bloom/parameter1	parameter	tox	PATCHDECK/PATCHES/X33/The_Shore/bloom/parameter1.tox	2026-08-24 10:42:24 UTC		1	2025.33070	1390	-480	0.3250,0.8000,0.3000
/PATCHDECK/PATCHES/X33/The_Shore/bloom/master/null1_export	table	tsv	PATCHDECK/PATCHES/X33/The_Shore/bloom/master/null1_export.tsv	2026-08-24 10:42:24 UTC				1075	-345	0.9000,0.3000,0.4000
/PATCHDECK/PATCHES/X33/The_Shore/bloom/master	base	tox	PATCHDECK/PATCHES/X33/The_Shore/bloom/master.tox	2026-08-24 10:42:24 UTC		1	2025.33070	770	155	0.3250,0.8000,0.3000
/PATCHDECK/PATCHES/X33/The_Shore/bloom/glsl1_pixel	text	glsl	PATCHDECK/PATCHES/X33/The_Shore/bloom/glsl1_pixel.glsl	2026-08-24 10:42:24 UTC				1880	150	0.9000,0.3000,0.4000
/PATCHDECK/PATCHES/X33/The_Shore/bloom	base	tox	PATCHDECK/PATCHES/X33/The_Shore/bloom.tox	2026-08-24 10:42:24 UTC		1	2025.33070	1750	-25	0.3250,0.8000,0.3000
/PATCHDECK/PATCHES/X33/The_Shore/base1	base	tox	PATCHDECK/PATCHES/X33/The_Shore/base1.tox	2026-08-24 10:42:24 UTC		1	2025.33070	700	-25	0.3250,0.8000,0.3000
/PATCHDECK/PATCHES/X33/The_Shore	container	tox	PATCHDECK/PATCHES/X33/The_Shore.tox	2026-08-24 10:42:24 UTC		1	2025.33070	1025	-225	0.3250,0.8000,0.3000
/PATCHDECK/PATCHES/X33/CTRL/index	table	tsv	PATCHDECK/PATCHES/X33/CTRL/index.tsv	2026-08-24 10:42:24 UTC				-2950	1875	0.9000,0.3000,0.4000
/PATCHDECK/PATCHES/X33/CTRL/execute1	execute	py	PATCHDECK/PATCHES/X33/CTRL/execute1.py	2026-08-24 10:42:24 UTC				-2950	1975	0.9000,0.3000,0.4000
/PATCHDECK/PATCHES/X33/CTRL	base	tox	PATCHDECK/PATCHES/X33/CTRL.tox	2026-08-24 10:42:24 UTC		1	2025.33070	50	-125	0.3250,0.8000,0.3000
/PATCHDECK/PATCHES/X33	base	tox	PATCHDECK/PATCHES/X33.tox	2026-08-24 10:42:24 UTC		1	2025.33070	-2975	-916	0.3250,0.8000,0.3000
/PATCHDECK/PATCHES/X32/pop3/geo1	geo	tox	PATCHDECK/PATCHES/X32/pop3/geo1.tox	2026-08-24 10:42:24 UTC		1	2025.33070	6075	3250	0.3250,0.8000,0.3000
/PATCHDECK/PATCHES/X32/pop3/cam1	cam	tox	PATCHDECK/PATCHES/X32/pop3/cam1.tox	2026-08-24 10:42:24 UTC		1	2025.33070	6075	3450	0.3250,0.8000,0.3000
/PATCHDECK/PATCHES/X32/pop3	base	tox	PATCHDECK/PATCHES/X32/pop3.tox	2026-08-24 10:42:24 UTC		1	2025.33070	1125	-175	0.3250,0.8000,0.3000
/PATCHDECK/PATCHES/X32/chan_info	table	tsv	PATCHDECK/PATCHES/X32/chan_info.tsv	2026-08-24 10:42:24 UTC				850	350	0.9000,0.3000,0.4000
/PATCHDECK/PATCHES/X32/CTRL/index	table	tsv	PATCHDECK/PATCHES/X32/CTRL/index.tsv	2026-08-24 10:42:24 UTC				-2950	1875	0.9000,0.3000,0.4000
/PATCHDECK/PATCHES/X32/CTRL/execute1	execute	py	PATCHDECK/PATCHES/X32/CTRL/execute1.py	2026-08-24 10:42:24 UTC				-2950	1975	0.9000,0.3000,0.4000
/PATCHDECK/PATCHES/X32/CTRL	base	tox	PATCHDECK/PATCHES/X32/CTRL.tox	2026-08-24 10:42:24 UTC		1	2025.33070	50	-125	0.3250,0.8000,0.3000
/PATCHDECK/PATCHES/X32	base	tox	PATCHDECK/PATCHES/X32.tox	2026-08-24 10:42:24 UTC		1	2025.33070	-1700	-766	0.3250,0.8000,0.3000
/PATCHDECK/PATCHES/X31/project1/ramp1_keys	table	tsv	PATCHDECK/PATCHES/X31/project1/ramp1_keys.tsv	2026-08-24 10:42:24 UTC				900	-395	0.9000,0.3000,0.4000
/PATCHDECK/PATCHES/X31/project1/light3	light	tox	PATCHDECK/PATCHES/X31/project1/light3.tox	2026-08-24 10:42:24 UTC		1	2025.33070	1325	225	0.3250,0.8000,0.3000
/PATCHDECK/PATCHES/X31/project1/light2	light	tox	PATCHDECK/PATCHES/X31/project1/light2.tox	2026-08-24 10:42:25 UTC		1	2025.33070	1525	125	0.3250,0.8000,0.3000
/PATCHDECK/PATCHES/X31/project1/light1	light	tox	PATCHDECK/PATCHES/X31/project1/light1.tox	2026-08-24 10:42:25 UTC		1	2025.33070	1325	75	0.3250,0.8000,0.3000
/PATCHDECK/PATCHES/X31/project1/geo1	geo	tox	PATCHDECK/PATCHES/X31/project1/geo1.tox	2026-08-24 10:42:25 UTC		1	2025.33070	1150	-75	0.3250,0.8000,0.3000
/PATCHDECK/PATCHES/X31/project1/cam1	cam	tox	PATCHDECK/PATCHES/X31/project1/cam1.tox	2026-08-24 10:42:25 UTC		1	2025.33070	1150	75	0.3250,0.8000,0.3000
/PATCHDECK/PATCHES/X31/project1	container	tox	PATCHDECK/PATCHES/X31/project1.tox	2026-08-24 10:42:25 UTC		1	2025.33070	1025	-250	0.3250,0.8000,0.3000
/PATCHDECK/PATCHES/X31/chan_info	table	tsv	PATCHDECK/PATCHES/X31/chan_info.tsv	2026-08-24 10:42:25 UTC				850	350	0.9000,0.3000,0.4000
/PATCHDECK/PATCHES/X31/CTRL/index	table	tsv	PATCHDECK/PATCHES/X31/CTRL/index.tsv	2026-08-24 10:42:25 UTC				-2950	1875	0.9000,0.3000,0.4000
/PATCHDECK/PATCHES/X31/CTRL/execute1	execute	py	PATCHDECK/PATCHES/X31/CTRL/execute1.py	2026-08-24 10:42:25 UTC				-2950	1975	0.9000,0.3000,0.4000
/PATCHDECK/PATCHES/X31/CTRL	base	tox	PATCHDECK/PATCHES/X31/CTRL.tox	2026-08-24 10:42:25 UTC		1	2025.33070	50	-125	0.3250,0.8000,0.3000
/PATCHDECK/PATCHES/X31	base	tox	PATCHDECK/PATCHES/X31.tox	2026-08-24 10:42:25 UTC		1	2025.33070	-1875	-766	0.3250,0.8000,0.3000
/PATCHDECK/PATCHES/X30/project4/ramp1_keys	table	tsv	PATCHDECK/PATCHES/X30/project4/ramp1_keys.tsv	2026-08-24 10:42:25 UTC				1675	-370	0.9000,0.3000,0.4000
/PATCHDECK/PATCHES/X30/project4/light2	light	tox	PATCHDECK/PATCHES/X30/project4/light2.tox	2026-08-24 10:42:25 UTC		1	2025.33070	-75	425	0.3250,0.8000,0.3000
/PATCHDECK/PATCHES/X30/project4/light1	light	tox	PATCHDECK/PATCHES/X30/project4/light1.tox	2026-08-24 10:42:25 UTC		1	2025.33070	150	425	0.3250,0.8000,0.3000
/PATCHDECK/PATCHES/X30/project4/in1_export	table	tsv	PATCHDECK/PATCHES/X30/project4/in1_export.tsv	2026-08-24 10:42:25 UTC				-700	-1470	0.9000,0.3000,0.4000
/PATCHDECK/PATCHES/X30/project4/geo4	geo	tox	PATCHDECK/PATCHES/X30/project4/geo4.tox	2026-08-24 10:42:25 UTC		1	2025.33070	-100	-775	0.3250,0.8000,0.3000
/PATCHDECK/PATCHES/X30/project4/geo3	geo	tox	PATCHDECK/PATCHES/X30/project4/geo3.tox	2026-08-24 10:42:25 UTC		1	2025.33070	-75	-550	0.3250,0.8000,0.3000
/PATCHDECK/PATCHES/X30/project4/geo2	geo	tox	PATCHDECK/PATCHES/X30/project4/geo2.tox	2026-08-24 10:42:25 UTC		1	2025.33070	-75	-200	0.3250,0.8000,0.3000
/PATCHDECK/PATCHES/X30/project4/geo1	geo	tox	PATCHDECK/PATCHES/X30/project4/geo1.tox	2026-08-24 10:42:25 UTC		1	2025.33070	-75	-25	0.3250,0.8000,0.3000
/PATCHDECK/PATCHES/X30/project4/cam1	cam	tox	PATCHDECK/PATCHES/X30/project4/cam1.tox	2026-08-24 10:42:25 UTC		1	2025.33070	-75	175	0.3250,0.8000,0.3000
/PATCHDECK/PATCHES/X30/project4/bloom1/window_ramp	window	tox	PATCHDECK/PATCHES/X30/project4/bloom1/window_ramp.tox	2026-08-24 10:42:25 UTC		1	2025.33070	1580	-470	0.3250,0.8000,0.3000
/PATCHDECK/PATCHES/X30/project4/bloom1/replicator1_callbacks	text	py	PATCHDECK/PATCHES/X30/project4/bloom1/replicator1_callbacks.py	2026-08-24 10:42:25 UTC				950	350	0.9000,0.3000,0.4000
/PATCHDECK/PATCHES/X30/project4/bloom1/replicator1	replicator	tox	PATCHDECK/PATCHES/X30/project4/bloom1/replicator1.tox	2026-08-24 10:42:25 UTC		1	2025.33070	770	355	0.3250,0.8000,0.3000
/PATCHDECK/PATCHES/X30/project4/bloom1/ramp1_keys	table	tsv	PATCHDECK/PATCHES/X30/project4/bloom1/ramp1_keys.tsv	2026-08-24 10:42:25 UTC				1220	-430	0.9000,0.3000,0.4000
/PATCHDECK/PATCHES/X30/project4/bloom1/parexec1	parexec	py	PATCHDECK/PATCHES/X30/project4/bloom1/parexec1.py	2026-08-24 10:42:25 UTC				1400	-190	0.9000,0.3000,0.4000
/PATCHDECK/PATCHES/X30/project4/bloom1/parameter1	parameter	tox	PATCHDECK/PATCHES/X30/project4/bloom1/parameter1.tox	2026-08-24 10:42:25 UTC		1	2025.33070	1390	-480	0.3250,0.8000,0.3000
/PATCHDECK/PATCHES/X30/project4/bloom1/master/null1_export	table	tsv	PATCHDECK/PATCHES/X30/project4/bloom1/master/null1_export.tsv	2026-08-24 10:42:25 UTC				1075	-345	0.9000,0.3000,0.4000
/PATCHDECK/PATCHES/X30/project4/bloom1/master	base	tox	PATCHDECK/PATCHES/X30/project4/bloom1/master.tox	2026-08-24 10:42:25 UTC		1	2025.33070	770	155	0.3250,0.8000,0.3000
/PATCHDECK/PATCHES/X30/project4/bloom1/glsl1_pixel	text	glsl	PATCHDECK/PATCHES/X30/project4/bloom1/glsl1_pixel.glsl	2026-08-24 10:42:25 UTC				1880	150	0.9000,0.3000,0.4000
/PATCHDECK/PATCHES/X30/project4/bloom1	base	tox	PATCHDECK/PATCHES/X30/project4/bloom1.tox	2026-08-24 10:42:25 UTC		1	2025.33070	1325	0	0.3250,0.8000,0.3000
/PATCHDECK/PATCHES/X30/project4	container	tox	PATCHDECK/PATCHES/X30/project4.tox	2026-08-24 10:42:25 UTC		1	2025.33070	1075	-225	0.3250,0.8000,0.3000
/PATCHDECK/PATCHES/X30/chan_info	table	tsv	PATCHDECK/PATCHES/X30/chan_info.tsv	2026-08-24 10:42:25 UTC				850	350	0.9000,0.3000,0.4000
/PATCHDECK/PATCHES/X30/CTRL/index	table	tsv	PATCHDECK/PATCHES/X30/CTRL/index.tsv	2026-08-24 10:42:25 UTC				-2950	1875	0.9000,0.3000,0.4000
/PATCHDECK/PATCHES/X30/CTRL/execute1	execute	py	PATCHDECK/PATCHES/X30/CTRL/execute1.py	2026-08-24 10:42:25 UTC				-2950	1975	0.9000,0.3000,0.4000
/PATCHDECK/PATCHES/X30/CTRL	base	tox	PATCHDECK/PATCHES/X30/CTRL.tox	2026-08-24 10:42:25 UTC		1	2025.33070	50	-125	0.3250,0.8000,0.3000
/PATCHDECK/PATCHES/X30	base	tox	PATCHDECK/PATCHES/X30.tox	2026-08-24 10:42:25 UTC		1	2025.33070	-2050	-766	0.3250,0.8000,0.3000
/PATCHDECK/PATCHES/X3/value_mapping	base	tox	PATCHDECK/PATCHES/X3/value_mapping.tox	2026-08-24 10:42:25 UTC		1	2025.33070	700	-50	0.3250,0.8000,0.3000
/PATCHDECK/PATCHES/X3/speed	base	tox	PATCHDECK/PATCHES/X3/speed.tox	2026-08-24 10:42:25 UTC		1	2025.33070	950	-50	0.3250,0.8000,0.3000
/PATCHDECK/PATCHES/X3/chan_info	table	tsv	PATCHDECK/PATCHES/X3/chan_info.tsv	2026-08-24 10:42:25 UTC				850	350	0.9000,0.3000,0.4000
/PATCHDECK/PATCHES/X3/Grid/grid/geo3	geo	tox	PATCHDECK/PATCHES/X3/Grid/grid/geo3.tox	2026-08-24 10:42:25 UTC		1	2025.33070	1900	-225	0.3250,0.8000,0.3000
/PATCHDECK/PATCHES/X3/Grid/grid/cam3	cam	tox	PATCHDECK/PATCHES/X3/Grid/grid/cam3.tox	2026-08-24 10:42:25 UTC		1	2025.33070	1500	-375	0.3250,0.8000,0.3000
/PATCHDECK/PATCHES/X3/Grid/grid	base	tox	PATCHDECK/PATCHES/X3/Grid/grid.tox	2026-08-24 10:42:25 UTC		1	2025.33070	-825	-1025	0.3250,0.8000,0.3000
/PATCHDECK/PATCHES/X3/Grid	base	tox	PATCHDECK/PATCHES/X3/Grid.tox	2026-08-24 10:42:25 UTC		1	2025.33070	1150	-250	0.3250,0.8000,0.3000
/PATCHDECK/PATCHES/X3/CTRL/index	table	tsv	PATCHDECK/PATCHES/X3/CTRL/index.tsv	2026-08-24 10:42:25 UTC				-2950	1875	0.9000,0.3000,0.4000
/PATCHDECK/PATCHES/X3/CTRL/execute1	execute	py	PATCHDECK/PATCHES/X3/CTRL/execute1.py	2026-08-24 10:42:25 UTC				-2950	1975	0.9000,0.3000,0.4000
/PATCHDECK/PATCHES/X3/CTRL	base	tox	PATCHDECK/PATCHES/X3/CTRL.tox	2026-08-24 10:42:25 UTC		1	2025.33070	50	-125	0.3250,0.8000,0.3000
/PATCHDECK/PATCHES/X3	base	tox	PATCHDECK/PATCHES/X3.tox	2026-08-24 10:42:25 UTC		1	2025.33070	-2570	-120	0.3250,0.8000,0.3000
/PATCHDECK/PATCHES/X29/chan_info	table	tsv	PATCHDECK/PATCHES/X29/chan_info.tsv	2026-08-24 10:42:25 UTC				850	350	0.9000,0.3000,0.4000
/PATCHDECK/PATCHES/X29/FluidPOP/box	geo	tox	PATCHDECK/PATCHES/X29/FluidPOP/box.tox	2026-08-24 10:42:25 UTC		1	2025.33070	-1425	-100	0.3250,0.8000,0.3000
/PATCHDECK/PATCHES/X29/FluidPOP/Voxel_Grid_Init/glsl_grille	text	glsl	PATCHDECK/PATCHES/X29/FluidPOP/Voxel_Grid_Init/glsl_grille.glsl	2026-08-24 10:42:25 UTC				-2350	-125	0.9000,0.3000,0.4000
/PATCHDECK/PATCHES/X29/FluidPOP/Voxel_Grid_Init	base	tox	PATCHDECK/PATCHES/X29/FluidPOP/Voxel_Grid_Init.tox	2026-08-24 10:42:25 UTC		1	2025.33070	-1000	-175	0.3250,0.8000,0.3000
/PATCHDECK/PATCHES/X29/FluidPOP/POP_Fluid_Solver/glsl_diffusion	text	glsl	PATCHDECK/PATCHES/X29/FluidPOP/POP_Fluid_Solver/glsl_diffusion.glsl	2026-08-24 10:42:25 UTC				2200	-150	0.9000,0.3000,0.4000
/PATCHDECK/PATCHES/X29/FluidPOP/POP_Fluid_Solver/glsl_advection	text	glsl	PATCHDECK/PATCHES/X29/FluidPOP/POP_Fluid_Solver/glsl_advection.glsl	2026-08-24 10:42:25 UTC				2050	-150	0.9000,0.3000,0.4000
/PATCHDECK/PATCHES/X29/FluidPOP/POP_Fluid_Solver/glsl_addForces	text	glsl	PATCHDECK/PATCHES/X29/FluidPOP/POP_Fluid_Solver/glsl_addForces.glsl	2026-08-24 10:42:25 UTC				2350	-150	0.9000,0.3000,0.4000
/PATCHDECK/PATCHES/X29/FluidPOP/POP_Fluid_Solver/glsl_Pressure_Jacobi	text	glsl	PATCHDECK/PATCHES/X29/FluidPOP/POP_Fluid_Solver/glsl_Pressure_Jacobi.glsl	2026-08-24 10:42:25 UTC				2650	-150	0.9000,0.3000,0.4000
/PATCHDECK/PATCHES/X29/FluidPOP/POP_Fluid_Solver/glsl_Gradient_Subtraction	text	glsl	PATCHDECK/PATCHES/X29/FluidPOP/POP_Fluid_Solver/glsl_Gradient_Subtraction.glsl	2026-08-24 10:42:25 UTC				2800	-150	0.9000,0.3000,0.4000
/PATCHDECK/PATCHES/X29/FluidPOP/POP_Fluid_Solver/glsl_Divergence	text	glsl	PATCHDECK/PATCHES/X29/FluidPOP/POP_Fluid_Solver/glsl_Divergence.glsl	2026-08-24 10:42:25 UTC				2500	-150	0.9000,0.3000,0.4000
/PATCHDECK/PATCHES/X29/FluidPOP/POP_Fluid_Solver/glsl_Diffusion_Temp	text	glsl	PATCHDECK/PATCHES/X29/FluidPOP/POP_Fluid_Solver/glsl_Diffusion_Temp.glsl	2026-08-24 10:42:25 UTC				3100	-150	0.9000,0.3000,0.4000
/PATCHDECK/PATCHES/X29/FluidPOP/POP_Fluid_Solver/glsl_Advection_Temp	text	glsl	PATCHDECK/PATCHES/X29/FluidPOP/POP_Fluid_Solver/glsl_Advection_Temp.glsl	2026-08-24 10:42:25 UTC				2950	-150	0.9000,0.3000,0.4000
/PATCHDECK/PATCHES/X29/FluidPOP/POP_Fluid_Solver/glsl3_compute	text	glsl	PATCHDECK/PATCHES/X29/FluidPOP/POP_Fluid_Solver/glsl3_compute.glsl	2026-08-24 10:42:25 UTC				1450	-150	0.9000,0.3000,0.4000
/PATCHDECK/PATCHES/X29/FluidPOP/POP_Fluid_Solver/glsl1_compute2	text	glsl	PATCHDECK/PATCHES/X29/FluidPOP/POP_Fluid_Solver/glsl1_compute2.glsl	2026-08-24 10:42:25 UTC				3625	0	0.9000,0.3000,0.4000
/PATCHDECK/PATCHES/X29/FluidPOP/POP_Fluid_Solver/glsl1_compute	text	glsl	PATCHDECK/PATCHES/X29/FluidPOP/POP_Fluid_Solver/glsl1_compute.glsl	2026-08-24 10:42:25 UTC				1300	-150	0.9000,0.3000,0.4000
/PATCHDECK/PATCHES/X29/FluidPOP/POP_Fluid_Solver	base	tox	PATCHDECK/PATCHES/X29/FluidPOP/POP_Fluid_Solver.tox	2026-08-24 10:42:25 UTC		1	2025.33070	925	-125	0.3250,0.8000,0.3000
/PATCHDECK/PATCHES/X29/FluidPOP	container	tox	PATCHDECK/PATCHES/X29/FluidPOP.tox	2026-08-30 17:03:44 UTC		2	2025.33070	1025	-175	0.3250,0.8000,0.3000
/PATCHDECK/PATCHES/X29/CTRL/index	table	tsv	PATCHDECK/PATCHES/X29/CTRL/index.tsv	2026-08-24 10:42:25 UTC				-2950	1875	0.9000,0.3000,0.4000
/PATCHDECK/PATCHES/X29/CTRL/execute1	execute	py	PATCHDECK/PATCHES/X29/CTRL/execute1.py	2026-08-24 10:42:25 UTC				-2950	1975	0.9000,0.3000,0.4000
/PATCHDECK/PATCHES/X29/CTRL	base	tox	PATCHDECK/PATCHES/X29/CTRL.tox	2026-08-24 10:42:25 UTC		1	2025.33070	50	-125	0.3250,0.8000,0.3000
/PATCHDECK/PATCHES/X29	base	tox	PATCHDECK/PATCHES/X29.tox	2026-08-30 17:03:44 UTC		2	2025.33070	-2225	-766	0.3250,0.8000,0.3000
/PATCHDECK/PATCHES/X28/ndiin1_grouptable	table	tsv	PATCHDECK/PATCHES/X28/ndiin1_grouptable.tsv	2026-08-24 10:42:26 UTC				1050	-220	0.9000,0.3000,0.4000
/PATCHDECK/PATCHES/X28/chan_info	table	tsv	PATCHDECK/PATCHES/X28/chan_info.tsv	2026-08-24 10:42:26 UTC				850	350	0.9000,0.3000,0.4000
/PATCHDECK/PATCHES/X28/CTRL/index	table	tsv	PATCHDECK/PATCHES/X28/CTRL/index.tsv	2026-08-24 10:42:26 UTC				-2950	1875	0.9000,0.3000,0.4000
/PATCHDECK/PATCHES/X28/CTRL/execute1	execute	py	PATCHDECK/PATCHES/X28/CTRL/execute1.py	2026-08-24 10:42:26 UTC				-2950	1975	0.9000,0.3000,0.4000
/PATCHDECK/PATCHES/X28/CTRL	base	tox	PATCHDECK/PATCHES/X28/CTRL.tox	2026-08-24 10:42:26 UTC		1	2025.33070	-1049	-143	0.3250,0.8000,0.3000
/PATCHDECK/PATCHES/X28	base	tox	PATCHDECK/PATCHES/X28.tox	2026-08-24 10:42:26 UTC		1	2025.33070	-2400	-766	0.3250,0.8000,0.3000
/PATCHDECK/PATCHES/X27/chan_info	table	tsv	PATCHDECK/PATCHES/X27/chan_info.tsv	2026-08-24 10:42:26 UTC				850	350	0.9000,0.3000,0.4000
/PATCHDECK/PATCHES/X27/Grid/grid/geo3	geo	tox	PATCHDECK/PATCHES/X27/Grid/grid/geo3.tox	2026-08-24 10:42:26 UTC		1	2025.33070	1900	-225	0.3250,0.8000,0.3000
/PATCHDECK/PATCHES/X27/Grid/grid/geo2	geo	tox	PATCHDECK/PATCHES/X27/Grid/grid/geo2.tox	2026-08-24 10:42:26 UTC		1	2025.33070	1550	-1300	0.3250,0.8000,0.3000
/PATCHDECK/PATCHES/X27/Grid/grid/geo1	geo	tox	PATCHDECK/PATCHES/X27/Grid/grid/geo1.tox	2026-08-24 10:42:26 UTC		1	2025.33070	1800	-725	0.3250,0.8000,0.3000
/PATCHDECK/PATCHES/X27/Grid/grid/cam3	cam	tox	PATCHDECK/PATCHES/X27/Grid/grid/cam3.tox	2026-08-24 10:42:26 UTC		1	2025.33070	1500	-375	0.3250,0.8000,0.3000
/PATCHDECK/PATCHES/X27/Grid/grid/cam2	cam	tox	PATCHDECK/PATCHES/X27/Grid/grid/cam2.tox	2026-08-24 10:42:26 UTC		1	2025.33070	1150	-1450	0.3250,0.8000,0.3000
/PATCHDECK/PATCHES/X27/Grid/grid/cam1	cam	tox	PATCHDECK/PATCHES/X27/Grid/grid/cam1.tox	2026-08-24 10:42:26 UTC		1	2025.33070	1400	-875	0.3250,0.8000,0.3000
/PATCHDECK/PATCHES/X27/Grid/grid	base	tox	PATCHDECK/PATCHES/X27/Grid/grid.tox	2026-08-24 10:42:26 UTC		1	2025.33070	-925	-1025	0.3250,0.8000,0.3000
/PATCHDECK/PATCHES/X27/Grid	base	tox	PATCHDECK/PATCHES/X27/Grid.tox	2026-08-24 10:42:26 UTC		1	2025.33070	875	-150	0.3250,0.8000,0.3000
/PATCHDECK/PATCHES/X27/CTRL/index	table	tsv	PATCHDECK/PATCHES/X27/CTRL/index.tsv	2026-08-24 10:42:26 UTC				-2950	1875	0.9000,0.3000,0.4000
/PATCHDECK/PATCHES/X27/CTRL/execute1	execute	py	PATCHDECK/PATCHES/X27/CTRL/execute1.py	2026-08-24 10:42:26 UTC				-2950	1975	0.9000,0.3000,0.4000
/PATCHDECK/PATCHES/X27/CTRL	base	tox	PATCHDECK/PATCHES/X27/CTRL.tox	2026-08-24 10:42:26 UTC		1	2025.33070	50	-125	0.3250,0.8000,0.3000
/PATCHDECK/PATCHES/X27	base	tox	PATCHDECK/PATCHES/X27.tox	2026-08-24 10:42:26 UTC		1	2025.33070	-2575	-766	0.3250,0.8000,0.3000
/PATCHDECK/PATCHES/X26/pop3/geo1	geo	tox	PATCHDECK/PATCHES/X26/pop3/geo1.tox	2026-08-24 10:42:26 UTC		1	2025.33070	6075	3250	0.3250,0.8000,0.3000
/PATCHDECK/PATCHES/X26/pop3/cam1	cam	tox	PATCHDECK/PATCHES/X26/pop3/cam1.tox	2026-08-24 10:42:26 UTC		1	2025.33070	6075	3450	0.3250,0.8000,0.3000
/PATCHDECK/PATCHES/X26/pop3	base	tox	PATCHDECK/PATCHES/X26/pop3.tox	2026-08-24 10:42:26 UTC		1	2025.33070	1000	-150	0.3250,0.8000,0.3000
/PATCHDECK/PATCHES/X26/chan_info	table	tsv	PATCHDECK/PATCHES/X26/chan_info.tsv	2026-08-24 10:42:26 UTC				850	350	0.9000,0.3000,0.4000
/PATCHDECK/PATCHES/X26/CTRL/index	table	tsv	PATCHDECK/PATCHES/X26/CTRL/index.tsv	2026-08-24 10:42:26 UTC				-2950	1875	0.9000,0.3000,0.4000
/PATCHDECK/PATCHES/X26/CTRL/execute1	execute	py	PATCHDECK/PATCHES/X26/CTRL/execute1.py	2026-08-24 10:42:26 UTC				-2950	1975	0.9000,0.3000,0.4000
/PATCHDECK/PATCHES/X26/CTRL	base	tox	PATCHDECK/PATCHES/X26/CTRL.tox	2026-08-24 10:42:26 UTC		1	2025.33070	50	-125	0.3250,0.8000,0.3000
/PATCHDECK/PATCHES/X26	base	tox	PATCHDECK/PATCHES/X26.tox	2026-08-24 10:42:26 UTC		1	2025.33070	-2775	-766	0.3250,0.8000,0.3000
/PATCHDECK/PATCHES/X25/ndiin2_grouptable	table	tsv	PATCHDECK/PATCHES/X25/ndiin2_grouptable.tsv	2026-08-24 10:42:26 UTC				1025	-195	0.9000,0.3000,0.4000
/PATCHDECK/PATCHES/X25/chan_info	table	tsv	PATCHDECK/PATCHES/X25/chan_info.tsv	2026-08-24 10:42:26 UTC				850	350	0.9000,0.3000,0.4000
/PATCHDECK/PATCHES/X25/CTRL/index	table	tsv	PATCHDECK/PATCHES/X25/CTRL/index.tsv	2026-08-24 10:42:26 UTC				-2950	1875	0.9000,0.3000,0.4000
/PATCHDECK/PATCHES/X25/CTRL/execute1	execute	py	PATCHDECK/PATCHES/X25/CTRL/execute1.py	2026-08-24 10:42:26 UTC				-2950	1975	0.9000,0.3000,0.4000
/PATCHDECK/PATCHES/X25/CTRL	base	tox	PATCHDECK/PATCHES/X25/CTRL.tox	2026-08-24 10:42:26 UTC		1	2025.33070	-724	-118	0.3250,0.8000,0.3000
/PATCHDECK/PATCHES/X25	base	tox	PATCHDECK/PATCHES/X25.tox	2026-08-24 10:42:26 UTC		1	2025.33070	-2975	-766	0.3250,0.8000,0.3000
/PATCHDECK/PATCHES/X24/chan_info	table	tsv	PATCHDECK/PATCHES/X24/chan_info.tsv	2026-08-24 10:42:26 UTC				850	350	0.9000,0.3000,0.4000
/PATCHDECK/PATCHES/X24/Sfere_e_Midi/glow	base	tox	PATCHDECK/PATCHES/X24/Sfere_e_Midi/glow.tox	2026-08-24 10:42:26 UTC		1	2025.33070	-425	800	0.3250,0.8000,0.3000
/PATCHDECK/PATCHES/X24/Sfere_e_Midi/Sfere/transformation1	base	tox	PATCHDECK/PATCHES/X24/Sfere_e_Midi/Sfere/transformation1.tox	2026-08-24 10:42:26 UTC		1	2025.33070	50	0	0.3250,0.8000,0.3000
/PATCHDECK/PATCHES/X24/Sfere_e_Midi/Sfere/transformation	base	tox	PATCHDECK/PATCHES/X24/Sfere_e_Midi/Sfere/transformation.tox	2026-08-24 10:42:26 UTC		1	2025.33070	25	275	0.3250,0.8000,0.3000
/PATCHDECK/PATCHES/X24/Sfere_e_Midi/Sfere/glow	base	tox	PATCHDECK/PATCHES/X24/Sfere_e_Midi/Sfere/glow.tox	2026-08-24 10:42:26 UTC		1	2025.33070	2175	200	0.3250,0.8000,0.3000
/PATCHDECK/PATCHES/X24/Sfere_e_Midi/Sfere/geo3	geo	tox	PATCHDECK/PATCHES/X24/Sfere_e_Midi/Sfere/geo3.tox	2026-08-24 10:42:26 UTC		1	2025.33070	1150	-200	0.3250,0.8000,0.3000
/PATCHDECK/PATCHES/X24/Sfere_e_Midi/Sfere/geo2	geo	tox	PATCHDECK/PATCHES/X24/Sfere_e_Midi/Sfere/geo2.tox	2026-08-24 10:42:26 UTC		1	2025.33070	1150	25	0.3250,0.8000,0.3000
/PATCHDECK/PATCHES/X24/Sfere_e_Midi/Sfere/geo1	geo	tox	PATCHDECK/PATCHES/X24/Sfere_e_Midi/Sfere/geo1.tox	2026-08-24 10:42:26 UTC		1	2025.33070	1175	225	0.3250,0.8000,0.3000
/PATCHDECK/PATCHES/X24/Sfere_e_Midi/Sfere/cam1	cam	tox	PATCHDECK/PATCHES/X24/Sfere_e_Midi/Sfere/cam1.tox	2026-08-24 10:42:26 UTC		1	2025.33070	1600	425	0.3250,0.8000,0.3000
/PATCHDECK/PATCHES/X24/Sfere_e_Midi/Sfere/bloom/window_ramp	window	tox	PATCHDECK/PATCHES/X24/Sfere_e_Midi/Sfere/bloom/window_ramp.tox	2026-08-24 10:42:26 UTC		1	2025.33070	1580	-470	0.3250,0.8000,0.3000
/PATCHDECK/PATCHES/X24/Sfere_e_Midi/Sfere/bloom/replicator1_callbacks	text	py	PATCHDECK/PATCHES/X24/Sfere_e_Midi/Sfere/bloom/replicator1_callbacks.py	2026-08-24 10:42:26 UTC				950	350	0.9000,0.3000,0.4000
/PATCHDECK/PATCHES/X24/Sfere_e_Midi/Sfere/bloom/replicator1	replicator	tox	PATCHDECK/PATCHES/X24/Sfere_e_Midi/Sfere/bloom/replicator1.tox	2026-08-24 10:42:26 UTC		1	2025.33070	770	355	0.3250,0.8000,0.3000
/PATCHDECK/PATCHES/X24/Sfere_e_Midi/Sfere/bloom/ramp1_keys	table	tsv	PATCHDECK/PATCHES/X24/Sfere_e_Midi/Sfere/bloom/ramp1_keys.tsv	2026-08-24 10:42:26 UTC				1220	-430	0.9000,0.3000,0.4000
/PATCHDECK/PATCHES/X24/Sfere_e_Midi/Sfere/bloom/parexec1	parexec	py	PATCHDECK/PATCHES/X24/Sfere_e_Midi/Sfere/bloom/parexec1.py	2026-08-24 10:42:26 UTC				1400	-190	0.9000,0.3000,0.4000
/PATCHDECK/PATCHES/X24/Sfere_e_Midi/Sfere/bloom/parameter1	parameter	tox	PATCHDECK/PATCHES/X24/Sfere_e_Midi/Sfere/bloom/parameter1.tox	2026-08-24 10:42:26 UTC		1	2025.33070	1390	-480	0.3250,0.8000,0.3000
/PATCHDECK/PATCHES/X24/Sfere_e_Midi/Sfere/bloom/master/null1_export	table	tsv	PATCHDECK/PATCHES/X24/Sfere_e_Midi/Sfere/bloom/master/null1_export.tsv	2026-08-24 10:42:26 UTC				1075	-345	0.9000,0.3000,0.4000
/PATCHDECK/PATCHES/X24/Sfere_e_Midi/Sfere/bloom/master	base	tox	PATCHDECK/PATCHES/X24/Sfere_e_Midi/Sfere/bloom/master.tox	2026-08-24 10:42:26 UTC		1	2025.33070	770	155	0.3250,0.8000,0.3000
/PATCHDECK/PATCHES/X24/Sfere_e_Midi/Sfere/bloom/glsl1_pixel	text	glsl	PATCHDECK/PATCHES/X24/Sfere_e_Midi/Sfere/bloom/glsl1_pixel.glsl	2026-08-24 10:42:26 UTC				1880	150	0.9000,0.3000,0.4000
/PATCHDECK/PATCHES/X24/Sfere_e_Midi/Sfere/bloom	base	tox	PATCHDECK/PATCHES/X24/Sfere_e_Midi/Sfere/bloom.tox	2026-08-24 10:42:26 UTC		1	2025.33070	1925	200	0.3250,0.8000,0.3000
/PATCHDECK/PATCHES/X24/Sfere_e_Midi/Sfere	base	tox	PATCHDECK/PATCHES/X24/Sfere_e_Midi/Sfere.tox	2026-08-24 10:42:26 UTC		1	2025.33070	-475	975	0.3250,0.8000,0.3000
/PATCHDECK/PATCHES/X24/Sfere_e_Midi	base	tox	PATCHDECK/PATCHES/X24/Sfere_e_Midi.tox	2026-08-24 10:42:26 UTC		1	2025.33070	1100	-150	0.3250,0.8000,0.3000
/PATCHDECK/PATCHES/X24/CTRL/index	table	tsv	PATCHDECK/PATCHES/X24/CTRL/index.tsv	2026-08-24 10:42:26 UTC				-2950	1875	0.9000,0.3000,0.4000
/PATCHDECK/PATCHES/X24/CTRL/execute1	execute	py	PATCHDECK/PATCHES/X24/CTRL/execute1.py	2026-08-24 10:42:26 UTC				-2950	1975	0.9000,0.3000,0.4000
/PATCHDECK/PATCHES/X24/CTRL	base	tox	PATCHDECK/PATCHES/X24/CTRL.tox	2026-08-24 10:42:26 UTC		1	2025.33070	50	-125	0.3250,0.8000,0.3000
/PATCHDECK/PATCHES/X24	base	tox	PATCHDECK/PATCHES/X24.tox	2026-08-24 10:42:26 UTC		1	2025.33070	-1645	-470	0.3250,0.8000,0.3000
/PATCHDECK/PATCHES/X23/touu/ramp1_keys	table	tsv	PATCHDECK/PATCHES/X23/touu/ramp1_keys.tsv	2026-08-24 10:42:26 UTC				125	2400	0.9000,0.3000,0.4000
/PATCHDECK/PATCHES/X23/touu/pointGenerator/torussurf	text	glsl	PATCHDECK/PATCHES/X23/touu/pointGenerator/torussurf.glsl	2026-08-24 10:42:26 UTC				-180	-1040	0.9000,0.3000,0.4000
/PATCHDECK/PATCHES/X23/touu/pointGenerator/torus	text	glsl	PATCHDECK/PATCHES/X23/touu/pointGenerator/torus.glsl	2026-08-24 10:42:26 UTC				-180	-930	0.9000,0.3000,0.4000
/PATCHDECK/PATCHES/X23/touu/pointGenerator/spheresurf	text	glsl	PATCHDECK/PATCHES/X23/touu/pointGenerator/spheresurf.glsl	2026-08-24 10:42:26 UTC				-180	-270	0.9000,0.3000,0.4000
/PATCHDECK/PATCHES/X23/touu/pointGenerator/sphere	text	glsl	PATCHDECK/PATCHES/X23/touu/pointGenerator/sphere.glsl	2026-08-24 10:42:26 UTC				-180	-160	0.9000,0.3000,0.4000
/PATCHDECK/PATCHES/X23/touu/pointGenerator/rectangle	text	glsl	PATCHDECK/PATCHES/X23/touu/pointGenerator/rectangle.glsl	2026-08-24 10:42:26 UTC				-180	-600	0.9000,0.3000,0.4000
/PATCHDECK/PATCHES/X23/touu/pointGenerator/line	text	glsl	PATCHDECK/PATCHES/X23/touu/pointGenerator/line.glsl	2026-08-24 10:42:26 UTC				-180	-1150	0.9000,0.3000,0.4000
/PATCHDECK/PATCHES/X23/touu/pointGenerator/glsl2_pixel	text	glsl	PATCHDECK/PATCHES/X23/touu/pointGenerator/glsl2_pixel.glsl	2026-08-24 10:42:26 UTC				240	10	0.9000,0.3000,0.4000
/PATCHDECK/PATCHES/X23/touu/pointGenerator/glsl2_compute	text	glsl	PATCHDECK/PATCHES/X23/touu/pointGenerator/glsl2_compute.glsl	2026-08-24 10:42:26 UTC				560	20	0.9000,0.3000,0.4000
/PATCHDECK/PATCHES/X23/touu/pointGenerator/disc	text	glsl	PATCHDECK/PATCHES/X23/touu/pointGenerator/disc.glsl	2026-08-24 10:42:26 UTC				-180	-710	0.9000,0.3000,0.4000
/PATCHDECK/PATCHES/X23/touu/pointGenerator/circle	text	glsl	PATCHDECK/PATCHES/X23/touu/pointGenerator/circle.glsl	2026-08-24 10:42:26 UTC				-180	-820	0.9000,0.3000,0.4000
/PATCHDECK/PATCHES/X23/touu/pointGenerator/boxsurf	text	glsl	PATCHDECK/PATCHES/X23/touu/pointGenerator/boxsurf.glsl	2026-08-24 10:42:26 UTC				-180	-490	0.9000,0.3000,0.4000
/PATCHDECK/PATCHES/X23/touu/pointGenerator/box	text	glsl	PATCHDECK/PATCHES/X23/touu/pointGenerator/box.glsl	2026-08-24 10:42:26 UTC				-180	-380	0.9000,0.3000,0.4000
/PATCHDECK/PATCHES/X23/touu/pointGenerator	base	tox	PATCHDECK/PATCHES/X23/touu/pointGenerator.tox	2026-08-24 10:42:26 UTC		1	2025.33070	-3200	2525	0.3250,0.8000,0.3000
/PATCHDECK/PATCHES/X23/touu/null2/cross1	base	tox	PATCHDECK/PATCHES/X23/touu/null2/cross1.tox	2026-08-24 10:42:26 UTC		1	2025.33070	0	0	0.3250,0.8000,0.3000
/PATCHDECK/PATCHES/X23/touu/null2	null	tox	PATCHDECK/PATCHES/X23/touu/null2.tox	2026-08-24 10:42:26 UTC		1	2025.33070	675	2950	0.3250,0.8000,0.3000
/PATCHDECK/PATCHES/X23/touu/light1	light	tox	PATCHDECK/PATCHES/X23/touu/light1.tox	2026-08-24 10:42:27 UTC		1	2025.33070	875	2925	0.3250,0.8000,0.3000
/PATCHDECK/PATCHES/X23/touu/life	base	tox	PATCHDECK/PATCHES/X23/touu/life.tox	2026-08-24 10:42:27 UTC		1	2025.33070	-2350	2450	0.3250,0.8000,0.3000
/PATCHDECK/PATCHES/X23/touu/geo1	geo	tox	PATCHDECK/PATCHES/X23/touu/geo1.tox	2026-08-24 10:42:27 UTC		1	2025.33070	675	2650	0.3250,0.8000,0.3000
/PATCHDECK/PATCHES/X23/touu/cam1	cam	tox	PATCHDECK/PATCHES/X23/touu/cam1.tox	2026-08-24 10:42:27 UTC		1	2025.33070	675	2800	0.3250,0.8000,0.3000
/PATCHDECK/PATCHES/X23/touu	container	tox	PATCHDECK/PATCHES/X23/touu.tox	2026-08-24 10:42:27 UTC		1	2025.33070	1150	-125	0.3250,0.8000,0.3000
/PATCHDECK/PATCHES/X23/chan_info	table	tsv	PATCHDECK/PATCHES/X23/chan_info.tsv	2026-08-24 10:42:27 UTC				850	350	0.9000,0.3000,0.4000
/PATCHDECK/PATCHES/X23/CTRL/index	table	tsv	PATCHDECK/PATCHES/X23/CTRL/index.tsv	2026-08-24 10:42:27 UTC				-2950	1875	0.9000,0.3000,0.4000
/PATCHDECK/PATCHES/X23/CTRL/execute1	execute	py	PATCHDECK/PATCHES/X23/CTRL/execute1.py	2026-08-24 10:42:27 UTC				-2950	1975	0.9000,0.3000,0.4000
/PATCHDECK/PATCHES/X23/CTRL	base	tox	PATCHDECK/PATCHES/X23/CTRL.tox	2026-08-24 10:42:27 UTC		1	2025.33070	50	-125	0.3250,0.8000,0.3000
/PATCHDECK/PATCHES/X23	base	tox	PATCHDECK/PATCHES/X23.tox	2026-08-24 10:42:27 UTC		1	2025.33070	-1820	-470	0.3250,0.8000,0.3000
/PATCHDECK/PATCHES/X22/terrain/terrain_displacement/glsl2_compute_gradient	text	glsl	PATCHDECK/PATCHES/X22/terrain/terrain_displacement/glsl2_compute_gradient.glsl	2026-08-24 10:42:27 UTC				200	-125	0.9000,0.3000,0.4000
/PATCHDECK/PATCHES/X22/terrain/terrain_displacement/glsl1_compute	text	glsl	PATCHDECK/PATCHES/X22/terrain/terrain_displacement/glsl1_compute.glsl	2026-08-24 10:42:27 UTC				250	150	0.9000,0.3000,0.4000
/PATCHDECK/PATCHES/X22/terrain/terrain_displacement	base	tox	PATCHDECK/PATCHES/X22/terrain/terrain_displacement.tox	2026-08-24 10:42:27 UTC		1	2025.33070	100	375	0.3250,0.8000,0.3000
/PATCHDECK/PATCHES/X22/terrain/look_at	null	tox	PATCHDECK/PATCHES/X22/terrain/look_at.tox	2026-08-24 10:42:27 UTC		1	2025.33070	1275	725	0.3250,0.8000,0.3000
/PATCHDECK/PATCHES/X22/terrain/light1	light	tox	PATCHDECK/PATCHES/X22/terrain/light1.tox	2026-08-24 10:42:27 UTC		1	2025.33070	1450	550	0.3250,0.8000,0.3000
/PATCHDECK/PATCHES/X22/terrain/help	text	py	PATCHDECK/PATCHES/X22/terrain/help.py	2026-08-24 10:42:27 UTC				125	625	0.9000,0.3000,0.4000
/PATCHDECK/PATCHES/X22/terrain/glsl1_pixel	text	glsl	PATCHDECK/PATCHES/X22/terrain/glsl1_pixel.glsl	2026-08-24 10:42:27 UTC				610	700	0.9000,0.3000,0.4000
/PATCHDECK/PATCHES/X22/terrain/glsl1_compute	text	glsl	PATCHDECK/PATCHES/X22/terrain/glsl1_compute.glsl	2026-08-24 10:42:27 UTC				1005	830	0.9000,0.3000,0.4000
/PATCHDECK/PATCHES/X22/terrain/geo1	geo	tox	PATCHDECK/PATCHES/X22/terrain/geo1.tox	2026-08-24 10:42:27 UTC		1	2025.33070	1275	425	0.3250,0.8000,0.3000
/PATCHDECK/PATCHES/X22/terrain/environment1	environment	tox	PATCHDECK/PATCHES/X22/terrain/environment1.tox	2026-08-24 10:42:27 UTC		1	2025.33070	1275	950	0.3250,0.8000,0.3000
/PATCHDECK/PATCHES/X22/terrain/cam1	cam	tox	PATCHDECK/PATCHES/X22/terrain/cam1.tox	2026-08-24 10:42:27 UTC		1	2025.33070	1275	575	0.3250,0.8000,0.3000
/PATCHDECK/PATCHES/X22/terrain	container	tox	PATCHDECK/PATCHES/X22/terrain.tox	2026-08-24 10:42:27 UTC		1	2025.33070	1075	-225	0.3250,0.8000,0.3000
/PATCHDECK/PATCHES/X22/chan_info	table	tsv	PATCHDECK/PATCHES/X22/chan_info.tsv	2026-08-24 10:42:27 UTC				850	350	0.9000,0.3000,0.4000
/PATCHDECK/PATCHES/X22/CTRL/index	table	tsv	PATCHDECK/PATCHES/X22/CTRL/index.tsv	2026-08-24 10:42:27 UTC				-2950	1875	0.9000,0.3000,0.4000
/PATCHDECK/PATCHES/X22/CTRL/execute1	execute	py	PATCHDECK/PATCHES/X22/CTRL/execute1.py	2026-08-24 10:42:27 UTC				-2950	1975	0.9000,0.3000,0.4000
/PATCHDECK/PATCHES/X22/CTRL	base	tox	PATCHDECK/PATCHES/X22/CTRL.tox	2026-08-24 10:42:27 UTC		1	2025.33070	50	-125	0.3250,0.8000,0.3000
/PATCHDECK/PATCHES/X22	base	tox	PATCHDECK/PATCHES/X22.tox	2026-08-24 10:42:27 UTC		1	2025.33070	-1995	-470	0.3250,0.8000,0.3000
/PATCHDECK/PATCHES/X21/sfera_frattale1/glow	base	tox	PATCHDECK/PATCHES/X21/sfera_frattale1/glow.tox	2026-08-24 10:42:27 UTC		1	2025.33070	625	100	0.3250,0.8000,0.3000
/PATCHDECK/PATCHES/X21/sfera_frattale1/geo1	geo	tox	PATCHDECK/PATCHES/X21/sfera_frattale1/geo1.tox	2026-08-24 10:42:27 UTC		1	2025.33070	-125	100	0.3250,0.8000,0.3000
/PATCHDECK/PATCHES/X21/sfera_frattale1/cam1	cam	tox	PATCHDECK/PATCHES/X21/sfera_frattale1/cam1.tox	2026-08-24 10:42:27 UTC		1	2025.33070	-100	275	0.3250,0.8000,0.3000
/PATCHDECK/PATCHES/X21/sfera_frattale1	container	tox	PATCHDECK/PATCHES/X21/sfera_frattale1.tox	2026-08-24 10:42:27 UTC		1	2025.33070	1025	-150	0.3250,0.8000,0.3000
/PATCHDECK/PATCHES/X21/chan_info	table	tsv	PATCHDECK/PATCHES/X21/chan_info.tsv	2026-08-24 10:42:27 UTC				850	350	0.9000,0.3000,0.4000
/PATCHDECK/PATCHES/X21/CTRL/index	table	tsv	PATCHDECK/PATCHES/X21/CTRL/index.tsv	2026-08-24 10:42:27 UTC				-2950	1875	0.9000,0.3000,0.4000
/PATCHDECK/PATCHES/X21/CTRL/execute1	execute	py	PATCHDECK/PATCHES/X21/CTRL/execute1.py	2026-08-24 10:42:27 UTC				-2950	1975	0.9000,0.3000,0.4000
/PATCHDECK/PATCHES/X21/CTRL	base	tox	PATCHDECK/PATCHES/X21/CTRL.tox	2026-08-24 10:42:27 UTC		1	2025.33070	50	-125	0.3250,0.8000,0.3000
/PATCHDECK/PATCHES/X21	base	tox	PATCHDECK/PATCHES/X21.tox	2026-08-24 10:42:27 UTC		1	2025.33070	-2200	-475	0.3250,0.8000,0.3000
/PATCHDECK/PATCHES/X20/sfera_frattale/glow	base	tox	PATCHDECK/PATCHES/X20/sfera_frattale/glow.tox	2026-08-24 10:42:27 UTC		1	2025.33070	-125	200	0.3250,0.8000,0.3000
/PATCHDECK/PATCHES/X20/sfera_frattale/geo2	geo	tox	PATCHDECK/PATCHES/X20/sfera_frattale/geo2.tox	2026-08-24 10:42:27 UTC		1	2025.33070	-375	25	0.3250,0.8000,0.3000
/PATCHDECK/PATCHES/X20/sfera_frattale/geo1	geo	tox	PATCHDECK/PATCHES/X20/sfera_frattale/geo1.tox	2026-08-24 10:42:27 UTC		1	2025.33070	-775	200	0.3250,0.8000,0.3000
/PATCHDECK/PATCHES/X20/sfera_frattale/cam1	cam	tox	PATCHDECK/PATCHES/X20/sfera_frattale/cam1.tox	2026-08-24 10:42:27 UTC		1	2025.33070	-750	375	0.3250,0.8000,0.3000
/PATCHDECK/PATCHES/X20/sfera_frattale	container	tox	PATCHDECK/PATCHES/X20/sfera_frattale.tox	2026-08-24 10:42:27 UTC		1	2025.33070	1200	-175	0.3250,0.8000,0.3000
/PATCHDECK/PATCHES/X20/chan_info	table	tsv	PATCHDECK/PATCHES/X20/chan_info.tsv	2026-08-24 10:42:27 UTC				850	350	0.9000,0.3000,0.4000
/PATCHDECK/PATCHES/X20/CTRL/index	table	tsv	PATCHDECK/PATCHES/X20/CTRL/index.tsv	2026-08-24 10:42:27 UTC				-2950	1875	0.9000,0.3000,0.4000
/PATCHDECK/PATCHES/X20/CTRL/execute1	execute	py	PATCHDECK/PATCHES/X20/CTRL/execute1.py	2026-08-24 10:42:27 UTC				-2950	1975	0.9000,0.3000,0.4000
/PATCHDECK/PATCHES/X20/CTRL	base	tox	PATCHDECK/PATCHES/X20/CTRL.tox	2026-08-24 10:42:27 UTC		1	2025.33070	50	-125	0.3250,0.8000,0.3000
/PATCHDECK/PATCHES/X20	base	tox	PATCHDECK/PATCHES/X20.tox	2026-08-24 10:42:27 UTC		1	2025.33070	-2395	-470	0.3250,0.8000,0.3000
/PATCHDECK/PATCHES/X2/ramp3_keys	table	tsv	PATCHDECK/PATCHES/X2/ramp3_keys.tsv	2026-08-24 10:42:27 UTC				825	-475	0.9000,0.3000,0.4000
/PATCHDECK/PATCHES/X2/ramp2_keys	table	tsv	PATCHDECK/PATCHES/X2/ramp2_keys.tsv	2026-08-24 10:42:27 UTC				-1325	-625	0.9000,0.3000,0.4000
/PATCHDECK/PATCHES/X2/ramp1_keys	table	tsv	PATCHDECK/PATCHES/X2/ramp1_keys.tsv	2026-08-24 10:42:27 UTC				-1550	-500	0.9000,0.3000,0.4000
/PATCHDECK/PATCHES/X2/light1	light	tox	PATCHDECK/PATCHES/X2/light1.tox	2026-08-24 10:42:27 UTC		1	2025.33070	2150	600	0.3250,0.8000,0.3000
/PATCHDECK/PATCHES/X2/geo1	geo	tox	PATCHDECK/PATCHES/X2/geo1.tox	2026-08-24 10:42:27 UTC		1	2025.33070	2150	425	0.3250,0.8000,0.3000
/PATCHDECK/PATCHES/X2/chan_info	table	tsv	PATCHDECK/PATCHES/X2/chan_info.tsv	2026-08-24 10:42:27 UTC				-2700	-22	0.9000,0.3000,0.4000
/PATCHDECK/PATCHES/X2/cam1	cam	tox	PATCHDECK/PATCHES/X2/cam1.tox	2026-08-24 10:42:27 UTC		1	2025.33070	2150	750	0.3250,0.8000,0.3000
/PATCHDECK/PATCHES/X2/CTRL/index	table	tsv	PATCHDECK/PATCHES/X2/CTRL/index.tsv	2026-08-24 10:42:27 UTC				-2950	1875	0.9000,0.3000,0.4000
/PATCHDECK/PATCHES/X2/CTRL/execute1	execute	py	PATCHDECK/PATCHES/X2/CTRL/execute1.py	2026-08-24 10:42:27 UTC				-2950	1975	0.9000,0.3000,0.4000
/PATCHDECK/PATCHES/X2/CTRL	base	tox	PATCHDECK/PATCHES/X2/CTRL.tox	2026-08-24 10:42:27 UTC		1	2025.33070	-3150	-525	0.3250,0.8000,0.3000
/PATCHDECK/PATCHES/X2	base	tox	PATCHDECK/PATCHES/X2.tox	2026-08-24 10:42:27 UTC		1	2025.33070	-2745	-120	0.3250,0.8000,0.3000
/PATCHDECK/PATCHES/X19/project1/table1	table	tsv	PATCHDECK/PATCHES/X19/project1/table1.tsv	2026-08-24 10:42:27 UTC				8450	0	0.9000,0.3000,0.4000
/PATCHDECK/PATCHES/X19/project1/light1	light	tox	PATCHDECK/PATCHES/X19/project1/light1.tox	2026-08-24 10:42:27 UTC		1	2025.33070	-250	150	0.3250,0.8000,0.3000
/PATCHDECK/PATCHES/X19/project1/geo1	geo	tox	PATCHDECK/PATCHES/X19/project1/geo1.tox	2026-08-24 10:42:27 UTC		1	2025.33070	-625	-75	0.3250,0.8000,0.3000
/PATCHDECK/PATCHES/X19/project1/cam1	cam	tox	PATCHDECK/PATCHES/X19/project1/cam1.tox	2026-08-24 10:42:27 UTC		1	2025.33070	-950	175	0.3250,0.8000,0.3000
/PATCHDECK/PATCHES/X19/project1	container	tox	PATCHDECK/PATCHES/X19/project1.tox	2026-08-24 10:42:27 UTC		1	2025.33070	1050	-225	0.3250,0.8000,0.3000
/PATCHDECK/PATCHES/X19/chan_info	table	tsv	PATCHDECK/PATCHES/X19/chan_info.tsv	2026-08-24 10:42:27 UTC				850	350	0.9000,0.3000,0.4000
/PATCHDECK/PATCHES/X19/CTRL/index	table	tsv	PATCHDECK/PATCHES/X19/CTRL/index.tsv	2026-08-24 10:42:28 UTC				-2950	1875	0.9000,0.3000,0.4000
/PATCHDECK/PATCHES/X19/CTRL/execute1	execute	py	PATCHDECK/PATCHES/X19/CTRL/execute1.py	2026-08-24 10:42:28 UTC				-2950	1975	0.9000,0.3000,0.4000
/PATCHDECK/PATCHES/X19/CTRL	base	tox	PATCHDECK/PATCHES/X19/CTRL.tox	2026-08-24 10:42:28 UTC		1	2025.33070	50	-125	0.3250,0.8000,0.3000
/PATCHDECK/PATCHES/X19	base	tox	PATCHDECK/PATCHES/X19.tox	2026-08-24 10:42:28 UTC		1	2025.33070	-2570	-470	0.3250,0.8000,0.3000
/PATCHDECK/PATCHES/X18/onde1/geo1	geo	tox	PATCHDECK/PATCHES/X18/onde1/geo1.tox	2026-08-24 10:42:28 UTC		1	2025.33070	125	50	0.3250,0.8000,0.3000
/PATCHDECK/PATCHES/X18/onde1/cam1	cam	tox	PATCHDECK/PATCHES/X18/onde1/cam1.tox	2026-08-24 10:42:28 UTC		1	2025.33070	125	125	0.3250,0.8000,0.3000
/PATCHDECK/PATCHES/X18/onde1	container	tox	PATCHDECK/PATCHES/X18/onde1.tox	2026-08-24 10:42:28 UTC		1	2025.33070	1000	-125	0.3250,0.8000,0.3000
/PATCHDECK/PATCHES/X18/chan_info	table	tsv	PATCHDECK/PATCHES/X18/chan_info.tsv	2026-08-24 10:42:28 UTC				850	350	0.9000,0.3000,0.4000
/PATCHDECK/PATCHES/X18/CTRL/index	table	tsv	PATCHDECK/PATCHES/X18/CTRL/index.tsv	2026-08-24 10:42:28 UTC				-2950	1875	0.9000,0.3000,0.4000
/PATCHDECK/PATCHES/X18/CTRL/execute1	execute	py	PATCHDECK/PATCHES/X18/CTRL/execute1.py	2026-08-24 10:42:28 UTC				-2950	1975	0.9000,0.3000,0.4000
/PATCHDECK/PATCHES/X18/CTRL	base	tox	PATCHDECK/PATCHES/X18/CTRL.tox	2026-08-24 10:42:28 UTC		1	2025.33070	50	-125	0.3250,0.8000,0.3000
/PATCHDECK/PATCHES/X18	base	tox	PATCHDECK/PATCHES/X18.tox	2026-08-24 10:42:28 UTC		1	2025.33070	-2745	-470	0.3250,0.8000,0.3000
/PATCHDECK/PATCHES/X17/noiseplasma/ramp1_keys	table	tsv	PATCHDECK/PATCHES/X17/noiseplasma/ramp1_keys.tsv	2026-08-24 10:42:28 UTC				-9950	-8125	0.9000,0.3000,0.4000
/PATCHDECK/PATCHES/X17/noiseplasma	base	tox	PATCHDECK/PATCHES/X17/noiseplasma.tox	2026-08-24 10:42:28 UTC		1	2025.33070	1125	-175	0.3250,0.8000,0.3000
/PATCHDECK/PATCHES/X17/chan_info	table	tsv	PATCHDECK/PATCHES/X17/chan_info.tsv	2026-08-24 10:42:28 UTC				850	350	0.9000,0.3000,0.4000
/PATCHDECK/PATCHES/X17/CTRL/index	table	tsv	PATCHDECK/PATCHES/X17/CTRL/index.tsv	2026-08-24 10:42:28 UTC				-2950	1875	0.9000,0.3000,0.4000
/PATCHDECK/PATCHES/X17/CTRL/execute1	execute	py	PATCHDECK/PATCHES/X17/CTRL/execute1.py	2026-08-24 10:42:28 UTC				-2950	1975	0.9000,0.3000,0.4000
/PATCHDECK/PATCHES/X17/CTRL	base	tox	PATCHDECK/PATCHES/X17/CTRL.tox	2026-08-24 10:42:28 UTC		1	2025.33070	50	-125	0.3250,0.8000,0.3000
/PATCHDECK/PATCHES/X17	base	tox	PATCHDECK/PATCHES/X17.tox	2026-08-24 10:42:28 UTC		1	2025.33070	-2920	-470	0.3250,0.8000,0.3000
/PATCHDECK/PATCHES/X16/noise_generator/ramp1_keys	table	tsv	PATCHDECK/PATCHES/X16/noise_generator/ramp1_keys.tsv	2026-08-24 10:42:28 UTC				500	-120	0.9000,0.3000,0.4000
/PATCHDECK/PATCHES/X16/noise_generator/in1_export	table	tsv	PATCHDECK/PATCHES/X16/noise_generator/in1_export.tsv	2026-08-24 10:42:28 UTC				-3250	430	0.9000,0.3000,0.4000
/PATCHDECK/PATCHES/X16/noise_generator/geo1	geo	tox	PATCHDECK/PATCHES/X16/noise_generator/geo1.tox	2026-08-24 10:42:28 UTC		1	2025.33070	-100	125	0.3250,0.8000,0.3000
/PATCHDECK/PATCHES/X16/noise_generator/cam1	cam	tox	PATCHDECK/PATCHES/X16/noise_generator/cam1.tox	2026-08-24 10:42:28 UTC		1	2025.33070	-100	275	0.3250,0.8000,0.3000
/PATCHDECK/PATCHES/X16/noise_generator	container	tox	PATCHDECK/PATCHES/X16/noise_generator.tox	2026-08-24 10:42:28 UTC		1	2025.33070	1200	-75	0.3250,0.8000,0.3000
/PATCHDECK/PATCHES/X16/chan_info	table	tsv	PATCHDECK/PATCHES/X16/chan_info.tsv	2026-08-24 10:42:28 UTC				850	350	0.9000,0.3000,0.4000
/PATCHDECK/PATCHES/X16/CTRL/index	table	tsv	PATCHDECK/PATCHES/X16/CTRL/index.tsv	2026-08-24 10:42:28 UTC				-2950	1875	0.9000,0.3000,0.4000
/PATCHDECK/PATCHES/X16/CTRL/execute1	execute	py	PATCHDECK/PATCHES/X16/CTRL/execute1.py	2026-08-24 10:42:28 UTC				-2950	1975	0.9000,0.3000,0.4000
/PATCHDECK/PATCHES/X16/CTRL	base	tox	PATCHDECK/PATCHES/X16/CTRL.tox	2026-08-24 10:42:28 UTC		1	2025.33070	50	-125	0.3250,0.8000,0.3000
/PATCHDECK/PATCHES/X16	base	tox	PATCHDECK/PATCHES/X16.tox	2026-08-24 10:42:28 UTC		1	2025.33070	-1670	-295	0.3250,0.8000,0.3000
/PATCHDECK/PATCHES/X15/giroidred/ramp1_keys	table	tsv	PATCHDECK/PATCHES/X15/giroidred/ramp1_keys.tsv	2026-08-24 10:42:28 UTC				625	830	0.9000,0.3000,0.4000
/PATCHDECK/PATCHES/X15/giroidred/null1	null	tox	PATCHDECK/PATCHES/X15/giroidred/null1.tox	2026-08-24 10:42:28 UTC		1	2025.33070	1075	775	0.3250,0.8000,0.3000
/PATCHDECK/PATCHES/X15/giroidred/light1	light	tox	PATCHDECK/PATCHES/X15/giroidred/light1.tox	2026-08-24 10:42:28 UTC		1	2025.33070	1300	600	0.3250,0.8000,0.3000
/PATCHDECK/PATCHES/X15/giroidred/gyroid_glsl/glsl1_pixel	text	glsl	PATCHDECK/PATCHES/X15/giroidred/gyroid_glsl/glsl1_pixel.glsl	2026-08-24 10:42:28 UTC				200	-95	0.9000,0.3000,0.4000
/PATCHDECK/PATCHES/X15/giroidred/gyroid_glsl	base	tox	PATCHDECK/PATCHES/X15/giroidred/gyroid_glsl.tox	2026-08-24 10:42:28 UTC		1	2025.33070	225	0	0.3250,0.8000,0.3000
/PATCHDECK/PATCHES/X15/giroidred/geo1pp	geo	tox	PATCHDECK/PATCHES/X15/giroidred/geo1pp.tox	2026-08-24 10:42:28 UTC		1	2025.33070	1075	450	0.3250,0.8000,0.3000
/PATCHDECK/PATCHES/X15/giroidred/environment1	environment	tox	PATCHDECK/PATCHES/X15/giroidred/environment1.tox	2026-08-24 10:42:28 UTC		1	2025.33070	1075	925	0.3250,0.8000,0.3000
/PATCHDECK/PATCHES/X15/giroidred/cam1	cam	tox	PATCHDECK/PATCHES/X15/giroidred/cam1.tox	2026-08-24 10:42:28 UTC		1	2025.33070	1075	600	0.3250,0.8000,0.3000
/PATCHDECK/PATCHES/X15/giroidred	base	tox	PATCHDECK/PATCHES/X15/giroidred.tox	2026-08-24 10:42:28 UTC		1	2025.33070	1025	-216	0.3250,0.8000,0.3000
/PATCHDECK/PATCHES/X15/chan_info	table	tsv	PATCHDECK/PATCHES/X15/chan_info.tsv	2026-08-24 10:42:28 UTC				850	350	0.9000,0.3000,0.4000
/PATCHDECK/PATCHES/X15/CTRL/index	table	tsv	PATCHDECK/PATCHES/X15/CTRL/index.tsv	2026-08-24 10:42:28 UTC				-2950	1875	0.9000,0.3000,0.4000
/PATCHDECK/PATCHES/X15/CTRL/execute1	execute	py	PATCHDECK/PATCHES/X15/CTRL/execute1.py	2026-08-24 10:42:28 UTC				-2950	1975	0.9000,0.3000,0.4000
/PATCHDECK/PATCHES/X15/CTRL	base	tox	PATCHDECK/PATCHES/X15/CTRL.tox	2026-08-24 10:42:28 UTC		1	2025.33070	50	-125	0.3250,0.8000,0.3000
/PATCHDECK/PATCHES/X15	base	tox	PATCHDECK/PATCHES/X15.tox	2026-08-24 10:42:28 UTC		1	2025.33070	-1845	-295	0.3250,0.8000,0.3000
/PATCHDECK/PATCHES/X14/fulminiok/rgbaDelay/wetDryMix/null1_export	table	tsv	PATCHDECK/PATCHES/X14/fulminiok/rgbaDelay/wetDryMix/null1_export.tsv	2026-08-24 10:42:28 UTC				1250	-375	0.9000,0.3000,0.4000
/PATCHDECK/PATCHES/X14/fulminiok/rgbaDelay/wetDryMix	base	tox	PATCHDECK/PATCHES/X14/fulminiok/rgbaDelay/wetDryMix.tox	2026-08-24 10:42:28 UTC		1	2025.33070	1640	150	0.3250,0.8000,0.3000
/PATCHDECK/PATCHES/X14/fulminiok/rgbaDelay	base	tox	PATCHDECK/PATCHES/X14/fulminiok/rgbaDelay.tox	2026-08-24 10:42:28 UTC		1	2025.33070	-13100	-9725	0.3250,0.8000,0.3000
/PATCHDECK/PATCHES/X14/fulminiok/resolution	base	tox	PATCHDECK/PATCHES/X14/fulminiok/resolution.tox	2026-08-24 10:42:28 UTC		1	2025.33070	-15300	-9075	0.3250,0.8000,0.3000
/PATCHDECK/PATCHES/X14/fulminiok/ramp3_keys	table	tsv	PATCHDECK/PATCHES/X14/fulminiok/ramp3_keys.tsv	2026-08-24 10:42:28 UTC				-14250	-9125	0.9000,0.3000,0.4000
/PATCHDECK/PATCHES/X14/fulminiok/lsystem1_rules	text	py	PATCHDECK/PATCHES/X14/fulminiok/lsystem1_rules.py	2026-08-24 10:42:28 UTC				-15275	-9857	0.9000,0.3000,0.4000
/PATCHDECK/PATCHES/X14/fulminiok/light1	light	tox	PATCHDECK/PATCHES/X14/fulminiok/light1.tox	2026-08-24 10:42:28 UTC		1	2025.33070	-14675	-9200	0.3250,0.8000,0.3000
/PATCHDECK/PATCHES/X14/fulminiok/geo1	geo	tox	PATCHDECK/PATCHES/X14/fulminiok/geo1.tox	2026-08-24 10:42:28 UTC		1	2025.33070	-14750	-9675	0.3250,0.8000,0.3000
/PATCHDECK/PATCHES/X14/fulminiok/cam1	cam	tox	PATCHDECK/PATCHES/X14/fulminiok/cam1.tox	2026-08-24 10:42:28 UTC		1	2025.33070	-14550	-9500	0.3250,0.8000,0.3000
/PATCHDECK/PATCHES/X14/fulminiok/bloom/window_ramp	window	tox	PATCHDECK/PATCHES/X14/fulminiok/bloom/window_ramp.tox	2026-08-24 10:42:28 UTC		1	2025.33070	1580	-470	0.3250,0.8000,0.3000
/PATCHDECK/PATCHES/X14/fulminiok/bloom/replicator1_callbacks	text	py	PATCHDECK/PATCHES/X14/fulminiok/bloom/replicator1_callbacks.py	2026-08-24 10:42:28 UTC				950	350	0.9000,0.3000,0.4000
/PATCHDECK/PATCHES/X14/fulminiok/bloom/replicator1	replicator	tox	PATCHDECK/PATCHES/X14/fulminiok/bloom/replicator1.tox	2026-08-24 10:42:28 UTC		1	2025.33070	770	355	0.3250,0.8000,0.3000
/PATCHDECK/PATCHES/X14/fulminiok/bloom/ramp1_keys	table	tsv	PATCHDECK/PATCHES/X14/fulminiok/bloom/ramp1_keys.tsv	2026-08-24 10:42:28 UTC				1220	-430	0.9000,0.3000,0.4000
/PATCHDECK/PATCHES/X14/fulminiok/bloom/parexec1	parexec	py	PATCHDECK/PATCHES/X14/fulminiok/bloom/parexec1.py	2026-08-24 10:42:28 UTC				1400	-190	0.9000,0.3000,0.4000
/PATCHDECK/PATCHES/X14/fulminiok/bloom/parameter1	parameter	tox	PATCHDECK/PATCHES/X14/fulminiok/bloom/parameter1.tox	2026-08-24 10:42:28 UTC		1	2025.33070	1390	-480	0.3250,0.8000,0.3000
/PATCHDECK/PATCHES/X14/fulminiok/bloom/master/null1_export	table	tsv	PATCHDECK/PATCHES/X14/fulminiok/bloom/master/null1_export.tsv	2026-08-24 10:42:28 UTC				1075	-345	0.9000,0.3000,0.4000
/PATCHDECK/PATCHES/X14/fulminiok/bloom/master	base	tox	PATCHDECK/PATCHES/X14/fulminiok/bloom/master.tox	2026-08-24 10:42:28 UTC		1	2025.33070	770	155	0.3250,0.8000,0.3000
/PATCHDECK/PATCHES/X14/fulminiok/bloom/glsl1_pixel	text	glsl	PATCHDECK/PATCHES/X14/fulminiok/bloom/glsl1_pixel.glsl	2026-08-24 10:42:28 UTC				1880	150	0.9000,0.3000,0.4000
/PATCHDECK/PATCHES/X14/fulminiok/bloom	base	tox	PATCHDECK/PATCHES/X14/fulminiok/bloom.tox	2026-08-24 10:42:28 UTC		1	2025.33070	-12550	-9725	0.3250,0.8000,0.3000
/PATCHDECK/PATCHES/X14/fulminiok	base	tox	PATCHDECK/PATCHES/X14/fulminiok.tox	2026-08-24 10:42:29 UTC		1	2025.33070	875	-150	0.3250,0.8000,0.3000
/PATCHDECK/PATCHES/X14/chan_info	table	tsv	PATCHDECK/PATCHES/X14/chan_info.tsv	2026-08-24 10:42:29 UTC				850	350	0.9000,0.3000,0.4000
/PATCHDECK/PATCHES/X14/CTRL/index	table	tsv	PATCHDECK/PATCHES/X14/CTRL/index.tsv	2026-08-24 10:42:29 UTC				-2950	1875	0.9000,0.3000,0.4000
/PATCHDECK/PATCHES/X14/CTRL/execute1	execute	py	PATCHDECK/PATCHES/X14/CTRL/execute1.py	2026-08-24 10:42:29 UTC				-2950	1975	0.9000,0.3000,0.4000
/PATCHDECK/PATCHES/X14/CTRL	base	tox	PATCHDECK/PATCHES/X14/CTRL.tox	2026-08-24 10:42:29 UTC		1	2025.33070	50	-125	0.3250,0.8000,0.3000
/PATCHDECK/PATCHES/X14	base	tox	PATCHDECK/PATCHES/X14.tox	2026-08-24 10:42:29 UTC		1	2025.33070	-2020	-295	0.3250,0.8000,0.3000
/PATCHDECK/PATCHES/X13/frattaliold/Double_Feedback/pixelRelocator/ramp2_keys	table	tsv	PATCHDECK/PATCHES/X13/frattaliold/Double_Feedback/pixelRelocator/ramp2_keys.tsv	2026-08-24 10:42:29 UTC				-880	-980	0.9000,0.3000,0.4000
/PATCHDECK/PATCHES/X13/frattaliold/Double_Feedback/pixelRelocator/ramp1_keys	table	tsv	PATCHDECK/PATCHES/X13/frattaliold/Double_Feedback/pixelRelocator/ramp1_keys.tsv	2026-08-24 10:42:29 UTC				-880	-870	0.9000,0.3000,0.4000
/PATCHDECK/PATCHES/X13/frattaliold/Double_Feedback/pixelRelocator/null4_export	table	tsv	PATCHDECK/PATCHES/X13/frattaliold/Double_Feedback/pixelRelocator/null4_export.tsv	2026-08-24 10:42:29 UTC				-1020	-280	0.9000,0.3000,0.4000
/PATCHDECK/PATCHES/X13/frattaliold/Double_Feedback/pixelRelocator/geo1	geo	tox	PATCHDECK/PATCHES/X13/frattaliold/Double_Feedback/pixelRelocator/geo1.tox	2026-08-24 10:42:29 UTC		1	2025.33070	80	40	0.3250,0.8000,0.3000
/PATCHDECK/PATCHES/X13/frattaliold/Double_Feedback/pixelRelocator/cam1	cam	tox	PATCHDECK/PATCHES/X13/frattaliold/Double_Feedback/pixelRelocator/cam1.tox	2026-08-24 10:42:29 UTC		1	2025.33070	80	180	0.3250,0.8000,0.3000
/PATCHDECK/PATCHES/X13/frattaliold/Double_Feedback/pixelRelocator	base	tox	PATCHDECK/PATCHES/X13/frattaliold/Double_Feedback/pixelRelocator.tox	2026-08-24 10:42:29 UTC		1	2025.33070	800	200	0.3250,0.8000,0.3000
/PATCHDECK/PATCHES/X13/frattaliold/Double_Feedback	container	tox	PATCHDECK/PATCHES/X13/frattaliold/Double_Feedback.tox	2026-08-24 10:42:29 UTC		1	2025.33070	-225	275	0.3250,0.8000,0.3000
/PATCHDECK/PATCHES/X13/frattaliold	container	tox	PATCHDECK/PATCHES/X13/frattaliold.tox	2026-08-24 10:42:29 UTC		1	2025.33070	1125	-150	0.3250,0.8000,0.3000
/PATCHDECK/PATCHES/X13/chan_info	table	tsv	PATCHDECK/PATCHES/X13/chan_info.tsv	2026-08-24 10:42:29 UTC				850	350	0.9000,0.3000,0.4000
/PATCHDECK/PATCHES/X13/CTRL/index	table	tsv	PATCHDECK/PATCHES/X13/CTRL/index.tsv	2026-08-24 10:42:29 UTC				-2950	1875	0.9000,0.3000,0.4000
/PATCHDECK/PATCHES/X13/CTRL/execute1	execute	py	PATCHDECK/PATCHES/X13/CTRL/execute1.py	2026-08-24 10:42:29 UTC				-2950	1975	0.9000,0.3000,0.4000
/PATCHDECK/PATCHES/X13/CTRL	base	tox	PATCHDECK/PATCHES/X13/CTRL.tox	2026-08-24 10:42:29 UTC		1	2025.33070	50	-125	0.3250,0.8000,0.3000
/PATCHDECK/PATCHES/X13	base	tox	PATCHDECK/PATCHES/X13.tox	2026-08-24 10:42:29 UTC		1	2025.33070	-2195	-295	0.3250,0.8000,0.3000
/PATCHDECK/PATCHES/X12/chiazza/geo1	geo	tox	PATCHDECK/PATCHES/X12/chiazza/geo1.tox	2026-08-24 10:42:29 UTC		1	2025.33070	125	50	0.3250,0.8000,0.3000
/PATCHDECK/PATCHES/X12/chiazza/cam1	cam	tox	PATCHDECK/PATCHES/X12/chiazza/cam1.tox	2026-08-24 10:42:29 UTC		1	2025.33070	125	125	0.3250,0.8000,0.3000
/PATCHDECK/PATCHES/X12/chiazza	container	tox	PATCHDECK/PATCHES/X12/chiazza.tox	2026-08-24 10:42:29 UTC		1	2025.33070	1150	-150	0.3250,0.8000,0.3000
/PATCHDECK/PATCHES/X12/chan_info	table	tsv	PATCHDECK/PATCHES/X12/chan_info.tsv	2026-08-24 10:42:29 UTC				850	350	0.9000,0.3000,0.4000
/PATCHDECK/PATCHES/X12/CTRL/index	table	tsv	PATCHDECK/PATCHES/X12/CTRL/index.tsv	2026-08-24 10:42:29 UTC				-2950	1875	0.9000,0.3000,0.4000
/PATCHDECK/PATCHES/X12/CTRL/execute1	execute	py	PATCHDECK/PATCHES/X12/CTRL/execute1.py	2026-08-24 10:42:29 UTC				-2950	1975	0.9000,0.3000,0.4000
/PATCHDECK/PATCHES/X12/CTRL	base	tox	PATCHDECK/PATCHES/X12/CTRL.tox	2026-08-24 10:42:29 UTC		1	2025.33070	50	-125	0.3250,0.8000,0.3000
/PATCHDECK/PATCHES/X12	base	tox	PATCHDECK/PATCHES/X12.tox	2026-08-24 10:42:29 UTC		1	2025.33070	-2395	-295	0.3250,0.8000,0.3000
/PATCHDECK/PATCHES/X11/chan_info	table	tsv	PATCHDECK/PATCHES/X11/chan_info.tsv	2026-08-24 10:42:29 UTC				850	350	0.9000,0.3000,0.4000
/PATCHDECK/PATCHES/X11/base1/pointRender/ramp2_keys	table	tsv	PATCHDECK/PATCHES/X11/base1/pointRender/ramp2_keys.tsv	2026-08-24 10:42:29 UTC				1550	-450	0.9000,0.3000,0.4000
/PATCHDECK/PATCHES/X11/base1/pointRender/light1	light	tox	PATCHDECK/PATCHES/X11/base1/pointRender/light1.tox	2026-08-24 10:42:29 UTC		1	2025.33070	1225	96	0.3250,0.8000,0.3000
/PATCHDECK/PATCHES/X11/base1/pointRender/geo1	geo	tox	PATCHDECK/PATCHES/X11/base1/pointRender/geo1.tox	2026-08-24 10:42:29 UTC		1	2025.33070	970	-160	0.3250,0.8000,0.3000
/PATCHDECK/PATCHES/X11/base1/pointRender/camera/renderpick1_callbacks	text	py	PATCHDECK/PATCHES/X11/base1/pointRender/camera/renderpick1_callbacks.py	2026-08-24 10:42:29 UTC				-50	-125	0.9000,0.3000,0.4000
/PATCHDECK/PATCHES/X11/base1/pointRender/camera/parexec1	parexec	py	PATCHDECK/PATCHES/X11/base1/pointRender/camera/parexec1.py	2026-08-24 10:42:29 UTC				200	248	0.9000,0.3000,0.4000
/PATCHDECK/PATCHES/X11/base1/pointRender/camera/panelexec1	panelexec	py	PATCHDECK/PATCHES/X11/base1/pointRender/camera/panelexec1.py	2026-08-24 10:42:29 UTC				200	125	0.9000,0.3000,0.4000
/PATCHDECK/PATCHES/X11/base1/pointRender/camera/newMat	table	tsv	PATCHDECK/PATCHES/X11/base1/pointRender/camera/newMat.tsv	2026-08-24 10:42:29 UTC				-350	-150	0.9000,0.3000,0.4000
/PATCHDECK/PATCHES/X11/base1/pointRender/camera/light1	light	tox	PATCHDECK/PATCHES/X11/base1/pointRender/camera/light1.tox	2026-08-24 10:42:29 UTC		1	2025.33070	-75	-675	0.3250,0.8000,0.3000
/PATCHDECK/PATCHES/X11/base1/pointRender/camera/keyboardin1_callbacks	text	py	PATCHDECK/PATCHES/X11/base1/pointRender/camera/keyboardin1_callbacks.py	2026-08-24 10:42:29 UTC				200	-100	0.9000,0.3000,0.4000
/PATCHDECK/PATCHES/X11/base1/pointRender/camera/geo1	geo	tox	PATCHDECK/PATCHES/X11/base1/pointRender/camera/geo1.tox	2026-08-24 10:42:29 UTC		1	2025.33070	-75	-850	0.3250,0.8000,0.3000
/PATCHDECK/PATCHES/X11/base1/pointRender/camera/execute1	execute	py	PATCHDECK/PATCHES/X11/base1/pointRender/camera/execute1.py	2026-08-24 10:42:29 UTC				200	375	0.9000,0.3000,0.4000
/PATCHDECK/PATCHES/X11/base1/pointRender/camera/container1	container	tox	PATCHDECK/PATCHES/X11/base1/pointRender/camera/container1.tox	2026-08-24 10:42:29 UTC		1	2025.33070	-75	-500	0.3250,0.8000,0.3000
/PATCHDECK/PATCHES/X11/base1/pointRender/camera/chopexec1	chopexec	py	PATCHDECK/PATCHES/X11/base1/pointRender/camera/chopexec1.py	2026-08-24 10:42:29 UTC				700	-225	0.9000,0.3000,0.4000
/PATCHDECK/PATCHES/X11/base1/pointRender/camera/CameraExt	text	py	PATCHDECK/PATCHES/X11/base1/pointRender/camera/CameraExt.py	2026-08-24 10:42:29 UTC				-50	175	0.9000,0.3000,0.4000
/PATCHDECK/PATCHES/X11/base1/pointRender/camera	cam	tox	PATCHDECK/PATCHES/X11/base1/pointRender/camera.tox	2026-08-24 10:42:29 UTC		1	2025.33070	975	25	0.3250,0.8000,0.3000
/PATCHDECK/PATCHES/X11/base1/pointRender/bloom/window_ramp	window	tox	PATCHDECK/PATCHES/X11/base1/pointRender/bloom/window_ramp.tox	2026-08-24 10:42:29 UTC		1	2025.33070	1580	-470	0.3250,0.8000,0.3000
/PATCHDECK/PATCHES/X11/base1/pointRender/bloom/replicator1_callbacks	text	py	PATCHDECK/PATCHES/X11/base1/pointRender/bloom/replicator1_callbacks.py	2026-08-24 10:42:29 UTC				950	350	0.9000,0.3000,0.4000
/PATCHDECK/PATCHES/X11/base1/pointRender/bloom/replicator1	replicator	tox	PATCHDECK/PATCHES/X11/base1/pointRender/bloom/replicator1.tox	2026-08-24 10:42:29 UTC		1	2025.33070	770	355	0.3250,0.8000,0.3000
/PATCHDECK/PATCHES/X11/base1/pointRender/bloom/ramp1_keys	table	tsv	PATCHDECK/PATCHES/X11/base1/pointRender/bloom/ramp1_keys.tsv	2026-08-24 10:42:29 UTC				1220	-430	0.9000,0.3000,0.4000
/PATCHDECK/PATCHES/X11/base1/pointRender/bloom/parexec1	parexec	py	PATCHDECK/PATCHES/X11/base1/pointRender/bloom/parexec1.py	2026-08-24 10:42:29 UTC				1400	-190	0.9000,0.3000,0.4000
/PATCHDECK/PATCHES/X11/base1/pointRender/bloom/parameter1	parameter	tox	PATCHDECK/PATCHES/X11/base1/pointRender/bloom/parameter1.tox	2026-08-24 10:42:29 UTC		1	2025.33070	1390	-480	0.3250,0.8000,0.3000
/PATCHDECK/PATCHES/X11/base1/pointRender/bloom/master/null1_export	table	tsv	PATCHDECK/PATCHES/X11/base1/pointRender/bloom/master/null1_export.tsv	2026-08-24 10:42:29 UTC				1075	-345	0.9000,0.3000,0.4000
/PATCHDECK/PATCHES/X11/base1/pointRender/bloom/master	base	tox	PATCHDECK/PATCHES/X11/base1/pointRender/bloom/master.tox	2026-08-24 10:42:29 UTC		1	2025.33070	770	155	0.3250,0.8000,0.3000
/PATCHDECK/PATCHES/X11/base1/pointRender/bloom/glsl1_pixel	text	glsl	PATCHDECK/PATCHES/X11/base1/pointRender/bloom/glsl1_pixel.glsl	2026-08-24 10:42:29 UTC				1880	150	0.9000,0.3000,0.4000
/PATCHDECK/PATCHES/X11/base1/pointRender/bloom	base	tox	PATCHDECK/PATCHES/X11/base1/pointRender/bloom.tox	2026-08-24 10:42:29 UTC		1	2025.33070	2125	-175	0.3250,0.8000,0.3000
/PATCHDECK/PATCHES/X11/base1/pointRender	container	tox	PATCHDECK/PATCHES/X11/base1/pointRender.tox	2026-08-24 10:42:29 UTC		1	2025.33070	2700	-3550	0.3250,0.8000,0.3000
/PATCHDECK/PATCHES/X11/base1/UV/ramp1_keys	table	tsv	PATCHDECK/PATCHES/X11/base1/UV/ramp1_keys.tsv	2026-08-24 10:42:29 UTC				-1050	375	0.9000,0.3000,0.4000
/PATCHDECK/PATCHES/X11/base1/UV	base	tox	PATCHDECK/PATCHES/X11/base1/UV.tox	2026-08-24 10:42:29 UTC		1	2025.33070	1225	-3525	0.3250,0.8000,0.3000
/PATCHDECK/PATCHES/X11/base1/Min_Max_Average/table1	table	tsv	PATCHDECK/PATCHES/X11/base1/Min_Max_Average/table1.tsv	2026-08-24 10:42:29 UTC				1000	-125	0.9000,0.3000,0.4000
/PATCHDECK/PATCHES/X11/base1/Min_Max_Average/chopexec_reset_table	chopexec	py	PATCHDECK/PATCHES/X11/base1/Min_Max_Average/chopexec_reset_table.py	2026-08-24 10:42:29 UTC				950	-300	0.9000,0.3000,0.4000
/PATCHDECK/PATCHES/X11/base1/Min_Max_Average/chopexec1	chopexec	py	PATCHDECK/PATCHES/X11/base1/Min_Max_Average/chopexec1.py	2026-08-24 10:42:29 UTC				925	0	0.9000,0.3000,0.4000
/PATCHDECK/PATCHES/X11/base1/Min_Max_Average	base	tox	PATCHDECK/PATCHES/X11/base1/Min_Max_Average.tox	2026-08-24 10:42:29 UTC		1	2025.33070	-925	-4975	0.3250,0.8000,0.3000
/PATCHDECK/PATCHES/X11/base1/AudioAnalysis_Time	base	tox	PATCHDECK/PATCHES/X11/base1/AudioAnalysis_Time.tox	2026-08-24 10:42:29 UTC		1	2025.33070	-7450	-8175	0.3250,0.8000,0.3000
/PATCHDECK/PATCHES/X11/base1	base	tox	PATCHDECK/PATCHES/X11/base1.tox	2026-08-24 10:42:29 UTC		1	2025.33070	1050	-200	0.3250,0.8000,0.3000
/PATCHDECK/PATCHES/X11/CTRL/index	table	tsv	PATCHDECK/PATCHES/X11/CTRL/index.tsv	2026-08-24 10:42:29 UTC				-2950	1875	0.9000,0.3000,0.4000
/PATCHDECK/PATCHES/X11/CTRL/execute1	execute	py	PATCHDECK/PATCHES/X11/CTRL/execute1.py	2026-08-24 10:42:29 UTC				-2950	1975	0.9000,0.3000,0.4000
/PATCHDECK/PATCHES/X11/CTRL	base	tox	PATCHDECK/PATCHES/X11/CTRL.tox	2026-08-24 10:42:29 UTC		1	2025.33070	50	-125	0.3250,0.8000,0.3000
/PATCHDECK/PATCHES/X11	base	tox	PATCHDECK/PATCHES/X11.tox	2026-08-24 10:42:30 UTC		1	2025.33070	-2570	-295	0.3250,0.8000,0.3000
/PATCHDECK/PATCHES/X10/chan_info	table	tsv	PATCHDECK/PATCHES/X10/chan_info.tsv	2026-08-24 10:42:30 UTC				850	350	0.9000,0.3000,0.4000
/PATCHDECK/PATCHES/X10/Sfere1/Sfere1/transformation1	base	tox	PATCHDECK/PATCHES/X10/Sfere1/Sfere1/transformation1.tox	2026-08-24 10:42:30 UTC		1	2025.33070	-575	-25	0.3250,0.8000,0.3000
/PATCHDECK/PATCHES/X10/Sfere1/Sfere1/transformation	base	tox	PATCHDECK/PATCHES/X10/Sfere1/Sfere1/transformation.tox	2026-08-24 10:42:30 UTC		1	2025.33070	-650	300	0.3250,0.8000,0.3000
/PATCHDECK/PATCHES/X10/Sfere1/Sfere1/null2_export	table	tsv	PATCHDECK/PATCHES/X10/Sfere1/Sfere1/null2_export.tsv	2026-08-24 10:42:30 UTC				-2975	-145	0.9000,0.3000,0.4000
/PATCHDECK/PATCHES/X10/Sfere1/Sfere1/glow	base	tox	PATCHDECK/PATCHES/X10/Sfere1/Sfere1/glow.tox	2026-08-24 10:42:30 UTC		1	2025.33070	2175	200	0.3250,0.8000,0.3000
/PATCHDECK/PATCHES/X10/Sfere1/Sfere1/geo3	geo	tox	PATCHDECK/PATCHES/X10/Sfere1/Sfere1/geo3.tox	2026-08-24 10:42:30 UTC		1	2025.33070	550	-175	0.3250,0.8000,0.3000
/PATCHDECK/PATCHES/X10/Sfere1/Sfere1/geo2	geo	tox	PATCHDECK/PATCHES/X10/Sfere1/Sfere1/geo2.tox	2026-08-24 10:42:30 UTC		1	2025.33070	550	50	0.3250,0.8000,0.3000
/PATCHDECK/PATCHES/X10/Sfere1/Sfere1/geo1	geo	tox	PATCHDECK/PATCHES/X10/Sfere1/Sfere1/geo1.tox	2026-08-24 10:42:30 UTC		1	2025.33070	550	250	0.3250,0.8000,0.3000
/PATCHDECK/PATCHES/X10/Sfere1/Sfere1/cam1	cam	tox	PATCHDECK/PATCHES/X10/Sfere1/Sfere1/cam1.tox	2026-08-24 10:42:30 UTC		1	2025.33070	1700	425	0.3250,0.8000,0.3000
/PATCHDECK/PATCHES/X10/Sfere1/Sfere1	base	tox	PATCHDECK/PATCHES/X10/Sfere1/Sfere1.tox	2026-08-24 10:42:30 UTC		1	2025.33070	-1175	800	0.3250,0.8000,0.3000
/PATCHDECK/PATCHES/X10/Sfere1	base	tox	PATCHDECK/PATCHES/X10/Sfere1.tox	2026-08-24 10:42:30 UTC		1	2025.33070	1075	-200	0.3250,0.8000,0.3000
/PATCHDECK/PATCHES/X10/CTRL/index	table	tsv	PATCHDECK/PATCHES/X10/CTRL/index.tsv	2026-08-24 10:42:30 UTC				-2950	1875	0.9000,0.3000,0.4000
/PATCHDECK/PATCHES/X10/CTRL/execute1	execute	py	PATCHDECK/PATCHES/X10/CTRL/execute1.py	2026-08-24 10:42:30 UTC				-2950	1975	0.9000,0.3000,0.4000
/PATCHDECK/PATCHES/X10/CTRL	base	tox	PATCHDECK/PATCHES/X10/CTRL.tox	2026-08-24 10:42:30 UTC		1	2025.33070	50	-125	0.3250,0.8000,0.3000
/PATCHDECK/PATCHES/X10	base	tox	PATCHDECK/PATCHES/X10.tox	2026-08-24 10:42:30 UTC		1	2025.33070	-2745	-295	0.3250,0.8000,0.3000
/PATCHDECK/PATCHES/X1/select6_export	table	tsv	PATCHDECK/PATCHES/X1/select6_export.tsv	2026-08-24 10:42:30 UTC				-425	-325	0.9000,0.3000,0.4000
/PATCHDECK/PATCHES/X1/select1_export	table	tsv	PATCHDECK/PATCHES/X1/select1_export.tsv	2026-08-24 10:42:30 UTC				-425	-195	0.9000,0.3000,0.4000
/PATCHDECK/PATCHES/X1/s4_vertical_scale	base	tox	PATCHDECK/PATCHES/X1/s4_vertical_scale.tox	2026-08-24 10:42:30 UTC		1	2025.33070	150	100	0.3250,0.8000,0.3000
/PATCHDECK/PATCHES/X1/s3_harmonic_gain	base	tox	PATCHDECK/PATCHES/X1/s3_harmonic_gain.tox	2026-08-24 10:42:30 UTC		1	2025.33070	-125	-375	0.3250,0.8000,0.3000
/PATCHDECK/PATCHES/X1/s2_offset	base	tox	PATCHDECK/PATCHES/X1/s2_offset.tox	2026-08-24 10:42:30 UTC		1	2025.33070	-125	-125	0.3250,0.8000,0.3000
/PATCHDECK/PATCHES/X1/s1_Speed	base	tox	PATCHDECK/PATCHES/X1/s1_Speed.tox	2026-08-24 10:42:30 UTC		1	2025.33070	-125	50	0.3250,0.8000,0.3000
/PATCHDECK/PATCHES/X1/r3_y/out1_export	table	tsv	PATCHDECK/PATCHES/X1/r3_y/out1_export.tsv	2026-08-24 10:42:30 UTC				-750	-195	0.9000,0.3000,0.4000
/PATCHDECK/PATCHES/X1/r3_y	base	tox	PATCHDECK/PATCHES/X1/r3_y.tox	2026-08-24 10:42:30 UTC		1	2025.33070	825	-775	0.3250,0.8000,0.3000
/PATCHDECK/PATCHES/X1/r2_x/out1_export	table	tsv	PATCHDECK/PATCHES/X1/r2_x/out1_export.tsv	2026-08-24 10:42:30 UTC				-750	-195	0.9000,0.3000,0.4000
/PATCHDECK/PATCHES/X1/r2_x	base	tox	PATCHDECK/PATCHES/X1/r2_x.tox	2026-08-24 10:42:30 UTC		1	2025.33070	825	-625	0.3250,0.8000,0.3000
/PATCHDECK/PATCHES/X1/r1_feedback	base	tox	PATCHDECK/PATCHES/X1/r1_feedback.tox	2026-08-24 10:42:30 UTC		1	2025.33070	1500	75	0.3250,0.8000,0.3000
/PATCHDECK/PATCHES/X1/chan_info	table	tsv	PATCHDECK/PATCHES/X1/chan_info.tsv	2026-08-24 10:42:30 UTC				100	500	0.9000,0.3000,0.4000
/PATCHDECK/PATCHES/X1/CTRL/index	table	tsv	PATCHDECK/PATCHES/X1/CTRL/index.tsv	2026-08-24 10:42:30 UTC				-2950	1875	0.9000,0.3000,0.4000
/PATCHDECK/PATCHES/X1/CTRL/execute1	execute	py	PATCHDECK/PATCHES/X1/CTRL/execute1.py	2026-08-24 10:42:30 UTC				-2950	1975	0.9000,0.3000,0.4000
/PATCHDECK/PATCHES/X1/CTRL	base	tox	PATCHDECK/PATCHES/X1/CTRL.tox	2026-08-24 10:42:30 UTC		1	2025.33070	-950	-200	0.3250,0.8000,0.3000
/PATCHDECK/PATCHES/X1	base	tox	PATCHDECK/PATCHES/X1.tox	2026-08-24 10:42:30 UTC		1	2025.33070	-2920	-120	0.3250,0.8000,0.3000
/PATCHDECK/PATCHES/X0/chan_info	table	tsv	PATCHDECK/PATCHES/X0/chan_info.tsv	2026-08-24 10:42:30 UTC				1375	-1133	0.9000,0.3000,0.4000
/PATCHDECK/PATCHES/X0	base	tox	PATCHDECK/PATCHES/X0.tox	2026-08-24 10:42:30 UTC		1	2025.33070	-1050	-497	0.3250,0.8000,0.3000
/PATCHDECK/PATCHES/X/chan_info	table	tsv	PATCHDECK/PATCHES/X/chan_info.tsv	2026-08-24 10:42:30 UTC				850	350	0.9000,0.3000,0.4000
/PATCHDECK/PATCHES/X/CTRL/index	table	tsv	PATCHDECK/PATCHES/X/CTRL/index.tsv	2026-08-24 10:42:30 UTC				-2950	1875	0.9000,0.3000,0.4000
/PATCHDECK/PATCHES/X/CTRL/execute1	execute	py	PATCHDECK/PATCHES/X/CTRL/execute1.py	2026-08-24 10:42:30 UTC				-2950	1975	0.9000,0.3000,0.4000
/PATCHDECK/PATCHES/X/CTRL	base	tox	PATCHDECK/PATCHES/X/CTRL.tox	2026-08-24 10:42:30 UTC		1	2025.33070	50	-125	0.3250,0.8000,0.3000
/PATCHDECK/PATCHES/X	base	tox	PATCHDECK/PATCHES/X.tox	2026-08-24 10:42:30 UTC		1	2025.33070	-1050	-322	0.3250,0.8000,0.3000
/PATCHDECK/PATCHES/POST_FX/strobo_color_options	table	tsv	PATCHDECK/PATCHES/POST_FX/strobo_color_options.tsv	2026-08-24 10:42:30 UTC				2400	-550	0.9000,0.3000,0.4000
/PATCHDECK/PATCHES/POST_FX/ramp2_keys	table	tsv	PATCHDECK/PATCHES/POST_FX/ramp2_keys.tsv	2026-08-24 10:42:30 UTC				2400	-400	0.9000,0.3000,0.4000
/PATCHDECK/PATCHES/POST_FX/ramp1_keys	table	tsv	PATCHDECK/PATCHES/POST_FX/ramp1_keys.tsv	2026-08-24 10:42:30 UTC				2400	-270	0.9000,0.3000,0.4000
/PATCHDECK/PATCHES/POST_FX/fx_lables	table	tsv	PATCHDECK/PATCHES/POST_FX/fx_lables.tsv	2026-08-24 10:42:30 UTC				-175	1065	0.9000,0.3000,0.4000
/PATCHDECK/PATCHES/POST_FX/fx8/out1_export	table	tsv	PATCHDECK/PATCHES/POST_FX/fx8/out1_export.tsv	2026-08-24 10:42:30 UTC				725	330	0.9000,0.3000,0.4000
/PATCHDECK/PATCHES/POST_FX/fx8	base	tox	PATCHDECK/PATCHES/POST_FX/fx8.tox	2026-08-24 10:42:30 UTC		1	2025.33070	3000	425	0.3250,0.8000,0.3000
/PATCHDECK/PATCHES/POST_FX/fx7/out1_export	table	tsv	PATCHDECK/PATCHES/POST_FX/fx7/out1_export.tsv	2026-08-24 10:42:30 UTC				725	330	0.9000,0.3000,0.4000
/PATCHDECK/PATCHES/POST_FX/fx7	base	tox	PATCHDECK/PATCHES/POST_FX/fx7.tox	2026-08-24 10:42:30 UTC		1	2025.33070	2675	325	0.3250,0.8000,0.3000
/PATCHDECK/PATCHES/POST_FX/fx6/out1_export	table	tsv	PATCHDECK/PATCHES/POST_FX/fx6/out1_export.tsv	2026-08-24 10:42:30 UTC				725	330	0.9000,0.3000,0.4000
/PATCHDECK/PATCHES/POST_FX/fx6	base	tox	PATCHDECK/PATCHES/POST_FX/fx6.tox	2026-08-24 10:42:30 UTC		1	2025.33070	2300	325	0.3250,0.8000,0.3000
/PATCHDECK/PATCHES/POST_FX/fx5/out1_export	table	tsv	PATCHDECK/PATCHES/POST_FX/fx5/out1_export.tsv	2026-08-24 10:42:30 UTC				725	330	0.9000,0.3000,0.4000
/PATCHDECK/PATCHES/POST_FX/fx5	base	tox	PATCHDECK/PATCHES/POST_FX/fx5.tox	2026-08-24 10:42:30 UTC		1	2025.33070	1425	450	0.3250,0.8000,0.3000
/PATCHDECK/PATCHES/POST_FX/fx4/out1_export	table	tsv	PATCHDECK/PATCHES/POST_FX/fx4/out1_export.tsv	2026-08-24 10:42:30 UTC				725	330	0.9000,0.3000,0.4000
/PATCHDECK/PATCHES/POST_FX/fx4	base	tox	PATCHDECK/PATCHES/POST_FX/fx4.tox	2026-08-24 10:42:30 UTC		1	2025.33070	1125	475	0.3250,0.8000,0.3000
/PATCHDECK/PATCHES/POST_FX/fx3/out1_export	table	tsv	PATCHDECK/PATCHES/POST_FX/fx3/out1_export.tsv	2026-08-24 10:42:30 UTC				725	330	0.9000,0.3000,0.4000
/PATCHDECK/PATCHES/POST_FX/fx3	base	tox	PATCHDECK/PATCHES/POST_FX/fx3.tox	2026-08-24 10:42:30 UTC		1	2025.33070	800	475	0.3250,0.8000,0.3000
/PATCHDECK/PATCHES/POST_FX/fx2/out1_export	table	tsv	PATCHDECK/PATCHES/POST_FX/fx2/out1_export.tsv	2026-08-24 10:42:30 UTC				725	330	0.9000,0.3000,0.4000
/PATCHDECK/PATCHES/POST_FX/fx2	base	tox	PATCHDECK/PATCHES/POST_FX/fx2.tox	2026-08-24 10:42:30 UTC		1	2025.33070	475	525	0.3250,0.8000,0.3000
/PATCHDECK/PATCHES/POST_FX/fx1/out1_export	table	tsv	PATCHDECK/PATCHES/POST_FX/fx1/out1_export.tsv	2026-08-24 10:42:30 UTC				725	330	0.9000,0.3000,0.4000
/PATCHDECK/PATCHES/POST_FX/fx1	base	tox	PATCHDECK/PATCHES/POST_FX/fx1.tox	2026-08-24 10:42:30 UTC		1	2025.33070	-200	500	0.3250,0.8000,0.3000
/PATCHDECK/PATCHES/POST_FX	base	tox	PATCHDECK/PATCHES/POST_FX.tox	2026-08-27 16:26:57 UTC		5	2025.33070	750	-975	0.3250,0.8000,0.3000
/PATCHDECK/PATCHES/MIDI_export	table	tsv	PATCHDECK/PATCHES/MIDI_export.tsv	2026-08-24 10:42:31 UTC				950	-475	0.9000,0.3000,0.4000
/PATCHDECK/PATCHES/CTRL/index	table	tsv	PATCHDECK/PATCHES/CTRL/index.tsv	2026-08-24 10:42:31 UTC				-2950	1875	0.9000,0.3000,0.4000
/PATCHDECK/PATCHES/CTRL/execute1	execute	py	PATCHDECK/PATCHES/CTRL/execute1.py	2026-08-24 10:42:31 UTC				-2950	1975	0.9000,0.3000,0.4000
/PATCHDECK/PATCHES/CTRL	base	tox	PATCHDECK/PATCHES/CTRL.tox	2026-08-24 10:42:31 UTC		1	2025.33070	-1050	-672	0.3250,0.8000,0.3000
/PATCHDECK/PATCHES	base	tox	PATCHDECK/PATCHES.tox	2026-08-30 14:49:54 UTC		7	2025.33070	0	475	0.3250,0.8000,0.3000
/PATCHDECK/DMX_PERFORM	window	tox	PATCHDECK/DMX_PERFORM.tox	2026-08-24 15:28:23 UTC		2	2025.33070	925	475	0.3250,0.8000,0.3000
/PATCHDECK/DMX/dmxout1_routingtable	table	tsv	PATCHDECK/DMX/dmxout1_routingtable.tsv	2026-08-24 10:42:31 UTC				825	-200	0.9000,0.3000,0.4000
/PATCHDECK/DMX/dmx_audio_chase/pixel_preview_exec	execute	py	PATCHDECK/DMX/dmx_audio_chase/pixel_preview_exec.py	2026-08-24 10:42:31 UTC				250	700	0.9000,0.3000,0.4000
/PATCHDECK/DMX/dmx_audio_chase/palette_preview_callbacks1	text	py	PATCHDECK/DMX/dmx_audio_chase/palette_preview_callbacks1.py	2026-08-24 10:42:31 UTC				450	450	0.9000,0.3000,0.4000
/PATCHDECK/DMX/dmx_audio_chase/palette_preview_callbacks	text	py	PATCHDECK/DMX/dmx_audio_chase/palette_preview_callbacks.py	2026-08-24 10:42:31 UTC				0	-120	0.9000,0.3000,0.4000
/PATCHDECK/DMX/dmx_audio_chase/fixture_profiles	table	tsv	PATCHDECK/DMX/dmx_audio_chase/fixture_profiles.tsv	2026-08-24 10:42:31 UTC				-800	550	0.9000,0.3000,0.4000
/PATCHDECK/DMX/dmx_audio_chase/fixture_apply	parexec	py	PATCHDECK/DMX/dmx_audio_chase/fixture_apply.py	2026-08-24 10:42:31 UTC				50	150	0.9000,0.3000,0.4000
/PATCHDECK/DMX/dmx_audio_chase/dmx_out_routingtable	table	tsv	PATCHDECK/DMX/dmx_audio_chase/dmx_out_routingtable.tsv	2026-08-24 10:42:31 UTC				0	-120	0.9000,0.3000,0.4000
/PATCHDECK/DMX/dmx_audio_chase/dmx_generator_callbacks1	text	py	PATCHDECK/DMX/dmx_audio_chase/dmx_generator_callbacks1.py	2026-08-24 10:42:31 UTC				-150	150	0.9000,0.3000,0.4000
/PATCHDECK/DMX/dmx_audio_chase/dmx_generator_callbacks	text	py	PATCHDECK/DMX/dmx_audio_chase/dmx_generator_callbacks.py	2026-08-24 10:42:31 UTC				0	-120	0.9000,0.3000,0.4000
/PATCHDECK/DMX/dmx_audio_chase	base	tox	PATCHDECK/DMX/dmx_audio_chase.tox	2026-08-29 13:37:24 UTC		4	2025.33070	325	-675	0.3250,0.8000,0.3000
/PATCHDECK/DMX	base	tox	PATCHDECK/DMX.tox	2026-08-29 12:29:40 UTC		3	2025.33070	725	475	0.3250,0.8000,0.3000
/PATCHDECK/CTRL/script1_callbacks	text	py	PATCHDECK/CTRL/script1_callbacks.py	2026-08-24 10:42:31 UTC				-2804	8172	0.9000,0.3000,0.4000
/PATCHDECK/CTRL/proxy	chopexec	py	PATCHDECK/CTRL/proxy.py	2026-08-24 10:42:31 UTC				550	6100	0.9000,0.3000,0.4000
/PATCHDECK/CTRL/panictrigger	chopexec	py	PATCHDECK/CTRL/panictrigger.py	2026-08-24 10:42:31 UTC				725	8225	0.9000,0.3000,0.4000
/PATCHDECK/CTRL/nopanic	text	py	PATCHDECK/CTRL/nopanic.py	2026-08-24 10:42:31 UTC				3650	9300	0.9000,0.3000,0.4000
/PATCHDECK/CTRL/midiinmap1_export	table	tsv	midiinmap1_export.tsv	2026-08-24 10:42:31 UTC				4225	-50	0.9000,0.3000,0.4000
/PATCHDECK/CTRL/led_controller/PATCHDECKCTRLledcontroller1	text	py	PATCHDECK/CTRL/led_controller/PATCHDECKCTRLledcontroller1.py	2026-08-24 10:42:31 UTC				-200	-6989	0.9000,0.3000,0.4000
/PATCHDECK/CTRL/led_controller	base	tox	PATCHDECK/CTRL/led_controller.tox	2026-08-24 10:42:31 UTC		1	2025.33070	1675	10199	0.3250,0.8000,0.3000
/PATCHDECK/CTRL/init_apc40	text	py	PATCHDECK/CTRL/init_apc40.py	2026-08-24 10:42:31 UTC				3600	9950	0.9000,0.3000,0.4000
/PATCHDECK/CTRL/indexexec	chopexec	py	PATCHDECK/CTRL/indexexec.py	2026-08-24 10:42:31 UTC				675	9075	0.9000,0.3000,0.4000
/PATCHDECK/CTRL/deck_led_feedback	chopexec	py	PATCHDECK/CTRL/deck_led_feedback.py	2026-08-24 10:42:31 UTC				-2450	8325	0.9000,0.3000,0.4000
/PATCHDECK/CTRL/bank_exec	chopexec	py	PATCHDECK/CTRL/bank_exec.py	2026-08-24 10:42:31 UTC				625	7250	0.9000,0.3000,0.4000
/PATCHDECK/CTRL/apc40mk2	text	py	PATCHDECK/CTRL/apc40mk2.py	2026-08-24 10:42:31 UTC				3575	10675	0.9000,0.3000,0.4000
/PATCHDECK/CTRL/MIDI_MAPPING_REFERENCE/sliders_b	container	tox	PATCHDECK/CTRL/MIDI_MAPPING_REFERENCE/sliders_b.tox	2026-08-24 10:42:31 UTC		1	2025.33070	25	-1525	0.3250,0.8000,0.3000
/PATCHDECK/CTRL/MIDI_MAPPING_REFERENCE/sliders_a	container	tox	PATCHDECK/CTRL/MIDI_MAPPING_REFERENCE/sliders_a.tox	2026-08-24 10:42:32 UTC		1	2025.33070	-875	-1525	0.3250,0.8000,0.3000
/PATCHDECK/CTRL/MIDI_MAPPING_REFERENCE/rotaries_b	container	tox	PATCHDECK/CTRL/MIDI_MAPPING_REFERENCE/rotaries_b.tox	2026-08-24 10:42:32 UTC		1	2025.33070	-50	-100	0.3250,0.8000,0.3000
/PATCHDECK/CTRL/MIDI_MAPPING_REFERENCE/rotaries_a	container	tox	PATCHDECK/CTRL/MIDI_MAPPING_REFERENCE/rotaries_a.tox	2026-08-24 10:42:32 UTC		1	2025.33070	-850	-100	0.3250,0.8000,0.3000
/PATCHDECK/CTRL/MIDI_MAPPING_REFERENCE/previews	container	tox	PATCHDECK/CTRL/MIDI_MAPPING_REFERENCE/previews.tox	2026-08-24 10:42:32 UTC		1	2025.33070	-3050	125	0.3250,0.8000,0.3000
/PATCHDECK/CTRL/MIDI_MAPPING_REFERENCE/output_monitor_B	container	tox	PATCHDECK/CTRL/MIDI_MAPPING_REFERENCE/output_monitor_B.tox	2026-08-24 10:42:32 UTC		1	2025.33070	-1650	-575	0.3250,0.8000,0.3000
/PATCHDECK/CTRL/MIDI_MAPPING_REFERENCE/output_monitor_A	container	tox	PATCHDECK/CTRL/MIDI_MAPPING_REFERENCE/output_monitor_A.tox	2026-08-24 10:42:32 UTC		1	2025.33070	-2025	-575	0.3250,0.8000,0.3000
/PATCHDECK/CTRL/MIDI_MAPPING_REFERENCE/control_ui	container	tox	PATCHDECK/CTRL/MIDI_MAPPING_REFERENCE/control_ui.tox	2026-08-24 10:42:32 UTC		1	2025.33070	-1200	725	0.3250,0.8000,0.3000
/PATCHDECK/CTRL/MIDI_MAPPING_REFERENCE/buttons_panel_b	container	tox	PATCHDECK/CTRL/MIDI_MAPPING_REFERENCE/buttons_panel_b.tox	2026-08-24 10:42:32 UTC		1	2025.33070	-25	-700	0.3250,0.8000,0.3000
/PATCHDECK/CTRL/MIDI_MAPPING_REFERENCE/buttons_panel_a	container	tox	PATCHDECK/CTRL/MIDI_MAPPING_REFERENCE/buttons_panel_a.tox	2026-08-24 10:42:32 UTC		1	2025.33070	-875	-700	0.3250,0.8000,0.3000
/PATCHDECK/CTRL/MIDI_MAPPING_REFERENCE/Kill_Bututons_and_Names/5_Name_b	button	tox	PATCHDECK/CTRL/MIDI_MAPPING_REFERENCE/Kill_Bututons_and_Names/5_Name_b.tox	2026-08-24 10:42:32 UTC		1	2025.33070	400	100	0.3250,0.8000,0.3000
/PATCHDECK/CTRL/MIDI_MAPPING_REFERENCE/Kill_Bututons_and_Names/2_Name_a	button	tox	PATCHDECK/CTRL/MIDI_MAPPING_REFERENCE/Kill_Bututons_and_Names/2_Name_a.tox	2026-08-24 10:42:32 UTC		1	2025.33070	-200	100	0.3250,0.8000,0.3000
/PATCHDECK/CTRL/MIDI_MAPPING_REFERENCE/Kill_Bututons_and_Names	container	tox	PATCHDECK/CTRL/MIDI_MAPPING_REFERENCE/Kill_Bututons_and_Names.tox	2026-08-24 10:42:32 UTC		1	2025.33070	-1850	-375	0.3250,0.8000,0.3000
/PATCHDECK/CTRL/MIDI_MAPPING_REFERENCE/5_master_fx_panel	container	tox	PATCHDECK/CTRL/MIDI_MAPPING_REFERENCE/5_master_fx_panel.tox	2026-08-24 10:42:32 UTC		1	2025.33070	-450	-2025	0.3250,0.8000,0.3000
/PATCHDECK/CTRL/MIDI_MAPPING_REFERENCE/4_sliders_panel	container	tox	PATCHDECK/CTRL/MIDI_MAPPING_REFERENCE/4_sliders_panel.tox	2026-08-24 10:42:32 UTC		1	2025.33070	-475	-1350	0.3250,0.8000,0.3000
/PATCHDECK/CTRL/MIDI_MAPPING_REFERENCE/3_main	container	tox	PATCHDECK/CTRL/MIDI_MAPPING_REFERENCE/3_main.tox	2026-08-24 10:42:32 UTC		1	2025.33070	-2300	-475	0.3250,0.8000,0.3000
/PATCHDECK/CTRL/MIDI_MAPPING_REFERENCE/3_buttons_panel	container	tox	PATCHDECK/CTRL/MIDI_MAPPING_REFERENCE/3_buttons_panel.tox	2026-08-24 10:42:32 UTC		1	2025.33070	-400	-550	0.3250,0.8000,0.3000
/PATCHDECK/CTRL/MIDI_MAPPING_REFERENCE/2_rotary_panel	container	tox	PATCHDECK/CTRL/MIDI_MAPPING_REFERENCE/2_rotary_panel.tox	2026-08-24 10:42:32 UTC		1	2025.33070	-425	100	0.3250,0.8000,0.3000
/PATCHDECK/CTRL/MIDI_MAPPING_REFERENCE/2_bottom	container	tox	PATCHDECK/CTRL/MIDI_MAPPING_REFERENCE/2_bottom.tox	2026-08-24 10:42:32 UTC		1	2025.33070	-1825	-225	0.3250,0.8000,0.3000
/PATCHDECK/CTRL/MIDI_MAPPING_REFERENCE/1_top	container	tox	PATCHDECK/CTRL/MIDI_MAPPING_REFERENCE/1_top.tox	2026-08-24 10:42:32 UTC		1	2025.33070	-2575	-225	0.3250,0.8000,0.3000
/PATCHDECK/CTRL/MIDI_MAPPING_REFERENCE/1_stats	container	tox	PATCHDECK/CTRL/MIDI_MAPPING_REFERENCE/1_stats.tox	2026-08-24 10:42:32 UTC		1	2025.33070	-2875	-475	0.3250,0.8000,0.3000
/PATCHDECK/CTRL/MIDI_MAPPING_REFERENCE	container	tox	PATCHDECK/CTRL/MIDI_MAPPING_REFERENCE.tox	2026-08-24 10:42:32 UTC		1	2025.33070	3700	125	0.3250,0.8000,0.3000
/PATCHDECK/CTRL/Execute	execute	py	PATCHDECK/CTRL/Execute.py	2026-08-24 10:42:32 UTC				500	10175	0.9000,0.3000,0.4000
/PATCHDECK/CTRL	base	tox	PATCHDECK/CTRL.tox	2026-08-27 16:27:03 UTC		3	2025.33070	0	300	0.3250,0.8000,0.3000
/PATCHDECK	container	tox	PATCHDECK.tox	2026-08-30 14:49:56 UTC		14	2025.33070	-175	75	0.3250,0.8000,0.3000
/Embody1/wizard/track/fill	container	tox	Embody1/wizard/track/fill.tox	2026-08-24 10:42:35 UTC		1	2025.33070	0	0	0.3250,0.8000,0.3000
/Embody1/wizard/track	container	tox	Embody1/wizard/track.tox	2026-08-24 10:42:35 UTC		1	2025.33070	0	-150	0.3250,0.8000,0.3000
/Embody1/wizard/topspacer	container	tox	Embody1/wizard/topspacer.tox	2026-08-24 10:42:35 UTC		1	2025.33070	480	-450	0.3250,0.8000,0.3000
/Embody1/wizard/title_callbacks	text	py	Embody1/wizard/title_callbacks.py	2026-08-24 10:42:35 UTC				480	-160	0.9000,0.3000,0.4000
/Embody1/wizard/title	text	tox	Embody1/wizard/title.tox	2026-08-24 10:42:35 UTC		1	2025.33070	480	0	0.3250,0.8000,0.3000
/Embody1/wizard/steplabel_callbacks	text	py	Embody1/wizard/steplabel_callbacks.py	2026-08-24 10:42:35 UTC				415	200	0.9000,0.3000,0.4000
/Embody1/wizard/steplabel	text	tox	Embody1/wizard/steplabel.tox	2026-08-24 10:42:35 UTC		1	2025.33070	225	200	0.3250,0.8000,0.3000
/Embody1/wizard/spacer	container	tox	Embody1/wizard/spacer.tox	2026-08-24 10:42:35 UTC		1	2025.33070	0	-300	0.3250,0.8000,0.3000
/Embody1/wizard/logic	text	py	Embody1/wizard/logic.py	2026-08-24 10:42:35 UTC				0	200	0.9000,0.3000,0.4000
/Embody1/wizard/hint_callbacks	text	py	Embody1/wizard/hint_callbacks.py	2026-08-24 10:42:35 UTC				190	0	0.9000,0.3000,0.4000
/Embody1/wizard/hint	text	tox	Embody1/wizard/hint.tox	2026-08-24 10:42:35 UTC		1	2025.33070	0	0	0.3250,0.8000,0.3000
/Embody1/wizard/grp_save	container	tox	Embody1/wizard/grp_save.tox	2026-08-24 10:42:35 UTC		1	2025.33070	1455	-1060	0.3250,0.8000,0.3000
/Embody1/wizard/grp_permissions	container	tox	Embody1/wizard/grp_permissions.tox	2026-08-24 10:42:35 UTC		1	2025.33070	1455	-800	0.3250,0.8000,0.3000
/Embody1/wizard/grp_mode	container	tox	Embody1/wizard/grp_mode.tox	2026-08-24 10:42:35 UTC		1	2025.33070	450	-800	0.3250,0.8000,0.3000
/Embody1/wizard/grp_git	container	tox	Embody1/wizard/grp_git.tox	2026-08-24 10:42:35 UTC		1	2025.33070	1715	-800	0.3250,0.8000,0.3000
/Embody1/wizard/grp_footprint	container	tox	Embody1/wizard/grp_footprint.tox	2026-08-24 10:42:35 UTC		1	2025.33070	1195	-800	0.3250,0.8000,0.3000
/Embody1/wizard/grp_externalize	container	tox	Embody1/wizard/grp_externalize.tox	2026-08-24 10:42:35 UTC		1	2025.33070	1715	-1400	0.3250,0.8000,0.3000
/Embody1/wizard/grp_convoy	container	tox	Embody1/wizard/grp_convoy.tox	2026-08-24 10:42:35 UTC		1	2025.33070	1715	-1060	0.3250,0.8000,0.3000
/Embody1/wizard/grp_client	container	tox	Embody1/wizard/grp_client.tox	2026-08-24 10:42:35 UTC		1	2025.33070	935	-800	0.3250,0.8000,0.3000
/Embody1/wizard/grp_assistant	container	tox	Embody1/wizard/grp_assistant.tox	2026-08-24 10:42:35 UTC		1	2025.33070	675	-800	0.3250,0.8000,0.3000
/Embody1/wizard/footer	container	tox	Embody1/wizard/footer.tox	2026-08-24 10:42:35 UTC		1	2025.33070	250	-700	0.3250,0.8000,0.3000
/Embody1/wizard/divider	container	tox	Embody1/wizard/divider.tox	2026-08-24 10:42:35 UTC		1	2025.33070	240	-300	0.3250,0.8000,0.3000
/Embody1/wizard/clicks	panelexec	py	Embody1/wizard/clicks.py	2026-08-24 10:42:35 UTC				240	-150	0.9000,0.3000,0.4000
/Embody1/wizard/botspacer	container	tox	Embody1/wizard/botspacer.tox	2026-08-24 10:42:35 UTC		1	2025.33070	0	-450	0.3250,0.8000,0.3000
/Embody1/wizard	container	tox	Embody1/wizard.tox	2026-08-24 10:42:35 UTC		24	2025.33070	1200	225	0.3250,0.8000,0.3000
/Embody1/window_wizard	window	tox	Embody1/window_wizard.tox	2026-08-24 10:42:35 UTC		1	2025.33070	1200	675	0.3250,0.8000,0.3000
/Embody1/window_tagging_menu	window	tox	Embody1/window_tagging_menu.tox	2026-08-24 10:42:35 UTC		24	2025.33070	900	675	0.3250,0.8000,0.3000
/Embody1/window_manager	window	tox	Embody1/window_manager.tox	2026-08-24 10:42:35 UTC		13	2025.33070	500	675	0.3250,0.8000,0.3000
/Embody1/windowHeader/title	text	tox	Embody1/windowHeader/title.tox	2026-08-24 10:42:35 UTC		50	2025.33070	0	0	0.3250,0.8000,0.3000
/Embody1/windowHeader/panelexec1	panelexec	py	Embody1/windowHeader/panelexec1.py	2026-08-24 10:42:35 UTC				300	-200	0.9000,0.3000,0.4000
/Embody1/windowHeader/button_min	text	tox	Embody1/windowHeader/button_min.tox	2026-08-24 10:42:35 UTC		2	2025.33070	300	0	0.3250,0.8000,0.3000
/Embody1/windowHeader/button_max	text	tox	Embody1/windowHeader/button_max.tox	2026-08-24 10:42:35 UTC		2	2025.33070	600	0	0.3250,0.8000,0.3000
/Embody1/windowHeader/button_close	text	tox	Embody1/windowHeader/button_close.tox	2026-08-24 10:42:35 UTC		2	2025.33070	900	0	0.3250,0.8000,0.3000
/Embody1/windowHeader/WindowHeaderExt	text	py	Embody1/windowHeader/WindowHeaderExt.py	2026-08-24 10:42:36 UTC				0	-200	0.9000,0.3000,0.4000
/Embody1/windowHeader	container	tox	Embody1/windowHeader.tox	2026-08-24 10:42:36 UTC		15	2025.33070	300	300	0.3250,0.8000,0.3000
/Embody1/viz_status/status_table	table	tsv	Embody1/viz_status/status_table.tsv	2026-08-24 10:42:36 UTC				300	0	0.9000,0.3000,0.4000
/Embody1/viz_status/status_publish	text	py	Embody1/viz_status/status_publish.py	2026-08-24 10:42:36 UTC				450	0	0.9000,0.3000,0.4000
/Embody1/viz_status/rowbox_4/cell_1	text	tox	Embody1/viz_status/rowbox_4/cell_1.tox	2026-08-24 10:42:36 UTC		1	2025.33070	260	0	0.3250,0.8000,0.3000
/Embody1/viz_status/rowbox_4/cell_0	text	tox	Embody1/viz_status/rowbox_4/cell_0.tox	2026-08-24 10:42:36 UTC		1	2025.33070	0	0	0.3250,0.8000,0.3000
/Embody1/viz_status/rowbox_4	container	tox	Embody1/viz_status/rowbox_4.tox	2026-08-24 10:42:36 UTC		1	2025.33070	0	-1040	0.3250,0.8000,0.3000
/Embody1/viz_status/rowbox_3/cell_1	text	tox	Embody1/viz_status/rowbox_3/cell_1.tox	2026-08-24 10:42:36 UTC		1	2025.33070	260	0	0.3250,0.8000,0.3000
/Embody1/viz_status/rowbox_3/cell_0	text	tox	Embody1/viz_status/rowbox_3/cell_0.tox	2026-08-24 10:42:36 UTC		1	2025.33070	0	0	0.3250,0.8000,0.3000
/Embody1/viz_status/rowbox_3	container	tox	Embody1/viz_status/rowbox_3.tox	2026-08-24 10:42:36 UTC		1	2025.33070	0	-780	0.3250,0.8000,0.3000
/Embody1/viz_status/rowbox_2/cell_1	text	tox	Embody1/viz_status/rowbox_2/cell_1.tox	2026-08-24 10:42:36 UTC		1	2025.33070	260	0	0.3250,0.8000,0.3000
/Embody1/viz_status/rowbox_2/cell_0	text	tox	Embody1/viz_status/rowbox_2/cell_0.tox	2026-08-24 10:42:36 UTC		1	2025.33070	0	0	0.3250,0.8000,0.3000
/Embody1/viz_status/rowbox_2	container	tox	Embody1/viz_status/rowbox_2.tox	2026-08-24 10:42:36 UTC		1	2025.33070	0	-520	0.3250,0.8000,0.3000
/Embody1/viz_status/rowbox_1/cell_1	text	tox	Embody1/viz_status/rowbox_1/cell_1.tox	2026-08-24 10:42:36 UTC		1	2025.33070	260	0	0.3250,0.8000,0.3000
/Embody1/viz_status/rowbox_1/cell_0	text	tox	Embody1/viz_status/rowbox_1/cell_0.tox	2026-08-24 10:42:36 UTC		1	2025.33070	0	0	0.3250,0.8000,0.3000
/Embody1/viz_status/rowbox_1	container	tox	Embody1/viz_status/rowbox_1.tox	2026-08-24 10:42:36 UTC		1	2025.33070	0	-260	0.3250,0.8000,0.3000
/Embody1/viz_status/rowbox_0/cell_1	text	tox	Embody1/viz_status/rowbox_0/cell_1.tox	2026-08-24 10:42:36 UTC		1	2025.33070	260	0	0.3250,0.8000,0.3000
/Embody1/viz_status/rowbox_0/cell_0	text	tox	Embody1/viz_status/rowbox_0/cell_0.tox	2026-08-24 10:42:36 UTC		1	2025.33070	0	0	0.3250,0.8000,0.3000
/Embody1/viz_status/rowbox_0	container	tox	Embody1/viz_status/rowbox_0.tox	2026-08-24 10:42:36 UTC		1	2025.33070	0	0	0.3250,0.8000,0.3000
/Embody1/viz_status/parexec_status	parexec	py	Embody1/viz_status/parexec_status.py	2026-08-24 10:42:36 UTC				600	0	0.9000,0.3000,0.4000
/Embody1/viz_status	container	tox	Embody1/viz_status.tox	2026-08-24 10:42:36 UTC		1	2025.33070	1200	475	0.3250,0.8000,0.3000
/Embody1/updater/UpdaterExt	text	py	Embody1/updater/UpdaterExt.py	2026-08-24 10:42:36 UTC				0	0	0.9000,0.3000,0.4000
/Embody1/updater	base	tox	Embody1/updater.tox	2026-08-24 10:42:36 UTC		2	2025.33070	500	-550	0.3250,0.8000,0.3000
/Embody1/toolbar/tooltip/text_callbacks	text	py	Embody1/toolbar/tooltip/text_callbacks.py	2026-08-24 10:42:36 UTC				0	-160	0.9000,0.3000,0.4000
/Embody1/toolbar/tooltip/text	text	tox	Embody1/toolbar/tooltip/text.tox	2026-08-24 10:42:36 UTC		34	2025.33070	0	0	0.3250,0.8000,0.3000
/Embody1/toolbar/tooltip	container	tox	Embody1/toolbar/tooltip.tox	2026-08-24 10:42:36 UTC		45	2025.33070	800	-200	0.3250,0.8000,0.3000
/Embody1/toolbar/toolbar_config	table	tsv	Embody1/toolbar/toolbar_config.tsv	2026-08-24 10:42:36 UTC				0	-200	0.9000,0.3000,0.4000
/Embody1/toolbar/parexec_responsive	parexec	py	Embody1/toolbar/parexec_responsive.py	2026-08-24 10:42:36 UTC				400	-200	0.9000,0.3000,0.4000
/Embody1/toolbar/parexec_filter	parexec	py	Embody1/toolbar/parexec_filter.py	2026-08-24 10:42:36 UTC				600	-200	0.9000,0.3000,0.4000
/Embody1/toolbar/panelexec_right	panelexec	py	Embody1/toolbar/panelexec_right.py	2026-08-24 10:42:36 UTC				1200	-200	0.9000,0.3000,0.4000
/Embody1/toolbar/panelexec_left	panelexec	py	Embody1/toolbar/panelexec_left.py	2026-08-24 10:42:36 UTC				1000	-200	0.9000,0.3000,0.4000
/Embody1/toolbar/container_right/spacer_pars	container	tox	Embody1/toolbar/container_right/spacer_pars.tox	2026-08-24 10:42:36 UTC		1	2025.33070	400	0	0.3250,0.8000,0.3000
/Embody1/toolbar/container_right/pars	text	tox	Embody1/toolbar/container_right/pars.tox	2026-08-24 10:42:36 UTC		2	2025.33070	600	0	0.3250,0.8000,0.3000
/Embody1/toolbar/container_right/filter	text	tox	Embody1/toolbar/container_right/filter.tox	2026-08-24 10:42:36 UTC		4	2025.33070	200	0	0.3250,0.8000,0.3000
/Embody1/toolbar/container_right/close	text	tox	Embody1/toolbar/container_right/close.tox	2026-08-24 10:42:36 UTC		2	2025.33070	0	0	0.3250,0.8000,0.3000
/Embody1/toolbar/container_right	container	tox	Embody1/toolbar/container_right.tox	2026-08-24 10:42:36 UTC		25	2025.33070	175	0	0.3250,0.8000,0.3000
/Embody1/toolbar/container_left/status_callbacks	text	py	Embody1/toolbar/container_left/status_callbacks.py	2026-08-24 10:42:36 UTC				0	-160	0.9000,0.3000,0.4000
/Embody1/toolbar/container_left/status	text	tox	Embody1/toolbar/container_left/status.tox	2026-08-24 10:42:36 UTC		22	2025.33070	800	-200	0.3250,0.8000,0.3000
/Embody1/toolbar/container_left/spacer_tdn	container	tox	Embody1/toolbar/container_left/spacer_tdn.tox	2026-08-24 10:42:36 UTC		1	2025.33070	600	-200	0.3250,0.8000,0.3000
/Embody1/toolbar/container_left/spacer_envoy	container	tox	Embody1/toolbar/container_left/spacer_envoy.tox	2026-08-24 10:42:36 UTC		1	2025.33070	1200	0	0.3250,0.8000,0.3000
/Embody1/toolbar/container_left/save_folder_callbacks	text	py	Embody1/toolbar/container_left/save_folder_callbacks.py	2026-08-24 10:42:36 UTC				0	-160	0.9000,0.3000,0.4000
/Embody1/toolbar/container_left/save_folder	text	tox	Embody1/toolbar/container_left/save_folder.tox	2026-08-24 10:42:36 UTC		12	2025.33070	400	0	0.3250,0.8000,0.3000
/Embody1/toolbar/container_left/save_comp_callbacks	text	py	Embody1/toolbar/container_left/save_comp_callbacks.py	2026-08-24 10:42:36 UTC				0	-160	0.9000,0.3000,0.4000
/Embody1/toolbar/container_left/save_comp	text	tox	Embody1/toolbar/container_left/save_comp.tox	2026-08-24 10:42:36 UTC		2	2025.33070	1400	0	0.3250,0.8000,0.3000
/Embody1/toolbar/container_left/refresh_callbacks	text	py	Embody1/toolbar/container_left/refresh_callbacks.py	2026-08-24 10:42:36 UTC				0	-160	0.9000,0.3000,0.4000
/Embody1/toolbar/container_left/refresh	text	tox	Embody1/toolbar/container_left/refresh.tox	2026-08-24 10:42:36 UTC		12	2025.33070	200	0	0.3250,0.8000,0.3000
/Embody1/toolbar/container_left/perform_callbacks	text	py	Embody1/toolbar/container_left/perform_callbacks.py	2026-08-24 10:42:36 UTC				0	-160	0.9000,0.3000,0.4000
/Embody1/toolbar/container_left/perform	text	tox	Embody1/toolbar/container_left/perform.tox	2026-08-24 10:42:36 UTC		2	2025.33070	0	0	0.3250,0.8000,0.3000
/Embody1/toolbar/container_left/initialize_callbacks	text	py	Embody1/toolbar/container_left/initialize_callbacks.py	2026-08-24 10:42:37 UTC				0	-160	0.9000,0.3000,0.4000
/Embody1/toolbar/container_left/initialize	text	tox	Embody1/toolbar/container_left/initialize.tox	2026-08-24 10:42:37 UTC		2	2025.33070	600	0	0.3250,0.8000,0.3000
/Embody1/toolbar/container_left/import_tdn_callbacks	text	py	Embody1/toolbar/container_left/import_tdn_callbacks.py	2026-08-24 10:42:37 UTC				0	-160	0.9000,0.3000,0.4000
/Embody1/toolbar/container_left/import_tdn	text	tox	Embody1/toolbar/container_left/import_tdn.tox	2026-08-24 10:42:37 UTC		2	2025.33070	400	-200	0.3250,0.8000,0.3000
/Embody1/toolbar/container_left/export_tdn_callbacks	text	py	Embody1/toolbar/container_left/export_tdn_callbacks.py	2026-08-24 10:42:37 UTC				0	-160	0.9000,0.3000,0.4000
/Embody1/toolbar/container_left/export_tdn	text	tox	Embody1/toolbar/container_left/export_tdn.tox	2026-08-24 10:42:37 UTC		2	2025.33070	0	-200	0.3250,0.8000,0.3000
/Embody1/toolbar/container_left/export_comp_tdn_callbacks	text	py	Embody1/toolbar/container_left/export_comp_tdn_callbacks.py	2026-08-24 10:42:37 UTC				0	-160	0.9000,0.3000,0.4000
/Embody1/toolbar/container_left/export_comp_tdn	text	tox	Embody1/toolbar/container_left/export_comp_tdn.tox	2026-08-24 10:42:37 UTC		2	2025.33070	200	-200	0.3250,0.8000,0.3000
/Embody1/toolbar/container_left/envoy_toggle_callbacks	text	py	Embody1/toolbar/container_left/envoy_toggle_callbacks.py	2026-08-24 10:42:37 UTC				0	-160	0.9000,0.3000,0.4000
/Embody1/toolbar/container_left/envoy_toggle	text	tox	Embody1/toolbar/container_left/envoy_toggle.tox	2026-08-24 10:42:37 UTC		6	2025.33070	800	0	0.3250,0.8000,0.3000
/Embody1/toolbar/container_left/disable_callbacks	text	py	Embody1/toolbar/container_left/disable_callbacks.py	2026-08-24 10:42:37 UTC				0	-160	0.9000,0.3000,0.4000
/Embody1/toolbar/container_left/disable	text	tox	Embody1/toolbar/container_left/disable.tox	2026-08-24 10:42:37 UTC		12	2025.33070	0	0	0.3250,0.8000,0.3000
/Embody1/toolbar/container_left	container	tox	Embody1/toolbar/container_left.tox	2026-08-24 10:42:37 UTC		18	2025.33070	0	0	0.3250,0.8000,0.3000
/Embody1/toolbar/ToolbarExt	text	py	Embody1/toolbar/ToolbarExt.py	2026-08-24 10:42:37 UTC				200	-200	0.9000,0.3000,0.4000
/Embody1/toolbar	container	tox	Embody1/toolbar.tox	2026-08-24 10:42:37 UTC		40	2025.33070	300	200	0.3250,0.8000,0.3000
/Embody1/timer_callbacks	text	py	Embody1/timer_callbacks.py	2026-08-24 10:42:37 UTC				-700	-375	0.9000,0.3000,0.4000
/Embody1/templates/text_tdn_textconv	text	py	Embody1/templates/text_tdn_textconv.py	2026-08-24 10:42:37 UTC				0	-1000	0.9000,0.3000,0.4000
/Embody1/templates/text_skill_visual_aesthetics	text	md	Embody1/templates/text_skill_visual_aesthetics.md	2026-08-24 10:42:37 UTC				2100	-400	0.9000,0.3000,0.4000
/Embody1/templates/text_skill_td_recovery	text	md	Embody1/templates/text_skill_td_recovery.md	2026-08-24 10:42:37 UTC				3300	-400	0.9000,0.3000,0.4000
/Embody1/templates/text_skill_td_api_reference	text	md	Embody1/templates/text_skill_td_api_reference.md	2026-08-24 10:42:37 UTC				1500	-400	0.9000,0.3000,0.4000
/Embody1/templates/text_skill_pop_networks	text	md	Embody1/templates/text_skill_pop_networks.md	2026-08-24 10:42:37 UTC				2400	-400	0.9000,0.3000,0.4000
/Embody1/templates/text_skill_parameter_design	text	md	Embody1/templates/text_skill_parameter_design.md	2026-08-24 10:42:37 UTC				3000	-400	0.9000,0.3000,0.4000
/Embody1/templates/text_skill_multi_session_etiquette	text	md	Embody1/templates/text_skill_multi_session_etiquette.md	2026-08-24 10:42:37 UTC				3600	-400	0.9000,0.3000,0.4000
/Embody1/templates/text_skill_movie_export	text	md	Embody1/templates/text_skill_movie_export.md	2026-08-24 10:42:37 UTC				2700	-400	0.9000,0.3000,0.4000
/Embody1/templates/text_skill_merge_divergent_tox	text	md	Embody1/templates/text_skill_merge_divergent_tox.md	2026-08-24 10:42:37 UTC				4200	-400	0.9000,0.3000,0.4000
/Embody1/templates/text_skill_mcp_tools_reference	text	md	Embody1/templates/text_skill_mcp_tools_reference.md	2026-08-24 10:42:37 UTC				1800	-400	0.9000,0.3000,0.4000
/Embody1/templates/text_skill_manage_annotations	text	md	Embody1/templates/text_skill_manage_annotations.md	2026-08-24 10:42:37 UTC				1200	-400	0.9000,0.3000,0.4000
/Embody1/templates/text_skill_externalize	text	md	Embody1/templates/text_skill_externalize.md	2026-08-24 10:42:37 UTC				600	-400	0.9000,0.3000,0.4000
/Embody1/templates/text_skill_debug_operator	text	md	Embody1/templates/text_skill_debug_operator.md	2026-08-24 10:42:37 UTC				300	-400	0.9000,0.3000,0.4000
/Embody1/templates/text_skill_create_operator	text	md	Embody1/templates/text_skill_create_operator.md	2026-08-24 10:42:37 UTC				0	-400	0.9000,0.3000,0.4000
/Embody1/templates/text_skill_create_extension	text	md	Embody1/templates/text_skill_create_extension.md	2026-08-24 10:42:37 UTC				900	-400	0.9000,0.3000,0.4000
/Embody1/templates/text_skill_brief	text	md	Embody1/templates/text_skill_brief.md	2026-08-24 10:42:37 UTC				3900	-400	0.9000,0.3000,0.4000
/Embody1/templates/text_settings_local	text	json	Embody1/templates/text_settings_local.json	2026-08-24 10:42:37 UTC				600	1200	0.9000,0.3000,0.4000
/Embody1/templates/text_rule_worktree_td_safety	text	md	Embody1/templates/text_rule_worktree_td_safety.md	2026-08-24 10:42:37 UTC				3200	400	0.9000,0.3000,0.4000
/Embody1/templates/text_rule_td_python	text	md	Embody1/templates/text_rule_td_python.md	2026-08-24 10:42:37 UTC				300	400	0.9000,0.3000,0.4000
/Embody1/templates/text_rule_td_connectivity	text	md	Embody1/templates/text_rule_td_connectivity.md	2026-08-24 10:42:37 UTC				2400	400	0.9000,0.3000,0.4000
/Embody1/templates/text_rule_refresh_after_commit	text	md	Embody1/templates/text_rule_refresh_after_commit.md	2026-08-24 10:42:37 UTC				1800	400	0.9000,0.3000,0.4000
/Embody1/templates/text_rule_performance	text	md	Embody1/templates/text_rule_performance.md	2026-08-24 10:42:37 UTC				2100	400	0.9000,0.3000,0.4000
/Embody1/templates/text_rule_parameters	text	md	Embody1/templates/text_rule_parameters.md	2026-08-24 10:42:37 UTC				900	400	0.9000,0.3000,0.4000
/Embody1/templates/text_rule_network_layout	text	md	Embody1/templates/text_rule_network_layout.md	2026-08-24 10:42:37 UTC				0	400	0.9000,0.3000,0.4000
/Embody1/templates/text_rule_multi_session	text	md	Embody1/templates/text_rule_multi_session.md	2026-08-24 10:42:37 UTC				2700	400	0.9000,0.3000,0.4000
/Embody1/templates/text_rule_mcp_safety	text	md	Embody1/templates/text_rule_mcp_safety.md	2026-08-24 10:42:37 UTC				600	400	0.9000,0.3000,0.4000
/Embody1/templates/text_rule_github_release	text	md	Embody1/templates/text_rule_github_release.md	2026-08-24 10:42:37 UTC				1500	400	0.9000,0.3000,0.4000
/Embody1/templates/text_rule_commit_push_checklist	text	md	Embody1/templates/text_rule_commit_push_checklist.md	2026-08-24 10:42:37 UTC				1200	400	0.9000,0.3000,0.4000
/Embody1/templates/text_envoy_bridge	text	py	Embody1/templates/text_envoy_bridge.py	2026-08-24 10:42:37 UTC				900	1200	0.9000,0.3000,0.4000
/Embody1/templates/text_claude	text	md	Embody1/templates/text_claude.md	2026-08-24 10:42:37 UTC				0	1200	0.9000,0.3000,0.4000
/Embody1/templates/text_agents_md	text	md	Embody1/templates/text_agents_md.md	2026-08-24 10:42:37 UTC				300	1200	0.9000,0.3000,0.4000
/Embody1/templates	base	tox	Embody1/templates.tox	2026-08-24 10:42:37 UTC		26	2025.33070	-400	-1200	0.3250,0.8000,0.3000
/Embody1/tdn_export_progress/win	window	tox	Embody1/tdn_export_progress/win.tox	2026-08-24 10:42:37 UTC		1	2025.33070	200	0	0.3250,0.8000,0.3000
/Embody1/tdn_export_progress/panelexec_cancel	panelexec	py	Embody1/tdn_export_progress/panelexec_cancel.py	2026-08-24 10:42:37 UTC				200	-200	0.9000,0.3000,0.4000
/Embody1/tdn_export_progress/dialog/title_callbacks	text	py	Embody1/tdn_export_progress/dialog/title_callbacks.py	2026-08-24 10:42:37 UTC				200	-160	0.9000,0.3000,0.4000
/Embody1/tdn_export_progress/dialog/title	text	tox	Embody1/tdn_export_progress/dialog/title.tox	2026-08-24 10:42:37 UTC		1	2025.33070	200	0	0.3250,0.8000,0.3000
/Embody1/tdn_export_progress/dialog/status_callbacks	text	py	Embody1/tdn_export_progress/dialog/status_callbacks.py	2026-08-24 10:42:37 UTC				200	-360	0.9000,0.3000,0.4000
/Embody1/tdn_export_progress/dialog/status	text	tox	Embody1/tdn_export_progress/dialog/status.tox	2026-08-30 09:12:09 UTC		5	2025.33070	200	-200	0.3250,0.8000,0.3000
/Embody1/tdn_export_progress/dialog/bar_bg/bar_fill	container	tox	Embody1/tdn_export_progress/dialog/bar_bg/bar_fill.tox	2026-08-30 09:12:09 UTC		5	2025.33070	200	0	0.3250,0.8000,0.3000
/Embody1/tdn_export_progress/dialog/bar_bg	container	tox	Embody1/tdn_export_progress/dialog/bar_bg.tox	2026-08-24 10:42:37 UTC		1	2025.33070	200	-400	0.3250,0.8000,0.3000
/Embody1/tdn_export_progress/dialog	container	tox	Embody1/tdn_export_progress/dialog.tox	2026-08-24 10:42:37 UTC		1	2025.33070	200	200	0.3250,0.8000,0.3000
/Embody1/tdn_export_progress	base	tox	Embody1/tdn_export_progress.tox	2026-08-24 10:42:37 UTC		1	2025.33070	1000	475	0.3250,0.8000,0.3000
/Embody1/tagger/replicator1_callbacks	text	py	Embody1/tagger/replicator1_callbacks.py	2026-08-24 10:42:37 UTC				-225	-160	0.9000,0.3000,0.4000
/Embody1/tagger/replicator1	replicator	tox	Embody1/tagger/replicator1.tox	2026-08-24 10:42:37 UTC		1	2025.33070	-225	0	0.3250,0.8000,0.3000
/Embody1/tagger/header/text1_callbacks	text	py	Embody1/tagger/header/text1_callbacks.py	2026-08-24 10:42:37 UTC				-200	-160	0.9000,0.3000,0.4000
/Embody1/tagger/header/text1	text	tox	Embody1/tagger/header/text1.tox	2026-08-24 10:42:37 UTC		8	2025.33070	-200	0	0.3250,0.8000,0.3000
/Embody1/tagger/header	container	tox	Embody1/tagger/header.tox	2026-08-24 10:42:38 UTC		12	2025.33070	0	275	0.3250,0.8000,0.3000
/Embody1/tagger	container	tox	Embody1/tagger.tox	2026-08-24 10:42:38 UTC		30	2025.33070	900	225	0.3250,0.8000,0.3000
/Embody1/startup_progress	text	py	Embody1/startup_progress.py	2026-08-24 10:42:38 UTC				-700	400	0.9000,0.3000,0.4000
/Embody1/shortcuts	text	py	Embody1/shortcuts.py	2026-08-24 10:42:38 UTC				-500	-375	0.9000,0.3000,0.4000
/Embody1/parexec	parexec	py	Embody1/parexec.py	2026-08-24 10:42:38 UTC				-275	300	0.9000,0.3000,0.4000
/Embody1/palette_catalog	table	tsv	Embody1/palette_catalog.tsv	2026-08-24 10:42:38 UTC				-500	100	0.9000,0.3000,0.4000
/Embody1/manager	container	tox	Embody1/manager.tox	2026-08-24 10:42:38 UTC		15	2025.33070	500	475	0.3250,0.8000,0.3000
/Embody1/list/list_callbacks	text	py	Embody1/list/list_callbacks.py	2026-08-24 10:42:38 UTC				625	0	0.9000,0.3000,0.4000
/Embody1/list/list1	list	tox	Embody1/list/list1.tox	2026-08-24 10:42:38 UTC		57	2025.33070	445	0	0.3250,0.8000,0.3000
/Embody1/list/inject_parents_callbacks	text	py	Embody1/list/inject_parents_callbacks.py	2026-08-24 10:42:38 UTC				-100	-120	0.9000,0.3000,0.4000
/Embody1/list	container	tox	Embody1/list.tox	2026-08-24 10:42:38 UTC		41	2025.33070	300	75	0.3250,0.8000,0.3000
/Embody1/keyboardin_callbacks	text	py	Embody1/keyboardin_callbacks.py	2026-08-24 10:42:38 UTC				-300	-375	0.9000,0.3000,0.4000
/Embody1/help/text_help_display	text	py	Embody1/help/text_help_display.py	2026-08-24 10:42:38 UTC				0	-200	0.9000,0.3000,0.4000
/Embody1/help/text_help	text	py	Embody1/help/text_help.py	2026-08-24 10:42:38 UTC				0	0	0.9000,0.3000,0.4000
/Embody1/help	opviewer	tox	Embody1/help.tox	2026-08-24 10:42:38 UTC		15	2025.33070	196	675	0.3250,0.8000,0.3000
/Embody1/fifo1_callbacks	text	py	Embody1/fifo1_callbacks.py	2026-08-24 10:42:38 UTC				-275	100	0.9000,0.3000,0.4000
/Embody1/execute	execute	py	Embody1/execute.py	2026-08-24 10:42:38 UTC				-275	400	0.9000,0.3000,0.4000
/Embody1/envoy_viz	text	py	Embody1/envoy_viz.py	2026-08-24 10:42:38 UTC				-500	600	0.9000,0.3000,0.4000
/Embody1/envoy_setup	text	py	Embody1/envoy_setup.py	2026-08-24 10:42:38 UTC				-500	700	0.9000,0.3000,0.4000
/Embody1/envoy_read	text	py	Embody1/envoy_read.py	2026-08-24 10:42:38 UTC				-500	800	0.9000,0.3000,0.4000
/Embody1/envoy_ops	text	py	Embody1/envoy_ops.py	2026-08-24 10:42:38 UTC				-500	400	0.9000,0.3000,0.4000
/Embody1/envoy_layout	text	py	Embody1/envoy_layout.py	2026-08-24 10:42:38 UTC				-500	500	0.9000,0.3000,0.4000
/Embody1/embot_template	base	tox	Embody1/embot_template.tox	2026-08-24 10:42:38 UTC		1	2025.33070	-700	-1200	0.3250,0.8000,0.3000
/Embody1/embody_pyenv	text	py	Embody1/embody_pyenv.py	2026-08-24 10:42:38 UTC				-500	300	0.9000,0.3000,0.4000
/Embody1/embody_launch	text	py	Embody1/embody_launch.py	2026-08-24 10:42:38 UTC				-700	200	0.9000,0.3000,0.4000
/Embody1/embody_git	text	py	Embody1/embody_git.py	2026-08-24 10:42:38 UTC				-700	100	0.9000,0.3000,0.4000
/Embody1/embody_admin	text	py	Embody1/embody_admin.py	2026-08-24 10:42:38 UTC				-700	300	0.9000,0.3000,0.4000
/Embody1/divergent_defaults	table	tsv	Embody1/divergent_defaults.tsv	2026-08-24 10:42:38 UTC				-500	200	0.9000,0.3000,0.4000
/Embody1/convoy/host/convoy_ws	text	py	Embody1/convoy/host/convoy_ws.py	2026-08-24 10:42:38 UTC				1000	-2200	0.9000,0.3000,0.4000
/Embody1/convoy/host/convoy_wake	text	py	Embody1/convoy/host/convoy_wake.py	2026-08-24 10:42:38 UTC				600	-2200	0.9000,0.3000,0.4000
/Embody1/convoy/host/convoy_sessions	text	py	Embody1/convoy/host/convoy_sessions.py	2026-08-24 10:42:38 UTC				200	-2200	0.9000,0.3000,0.4000
/Embody1/convoy/host/convoy_realm	text	py	Embody1/convoy/host/convoy_realm.py	2026-08-24 10:42:38 UTC				1400	-1900	0.9000,0.3000,0.4000
/Embody1/convoy/host/convoy_protocol	text	py	Embody1/convoy/host/convoy_protocol.py	2026-08-24 10:42:38 UTC				400	-800	0.9000,0.3000,0.4000
/Embody1/convoy/host/convoy_policy	text	py	Embody1/convoy/host/convoy_policy.py	2026-08-24 10:42:38 UTC				1000	-1900	0.9000,0.3000,0.4000
/Embody1/convoy/host/convoy_platform	text	py	Embody1/convoy/host/convoy_platform.py	2026-08-24 10:42:38 UTC				0	-800	0.9000,0.3000,0.4000
/Embody1/convoy/host/convoy_peerserver	text	py	Embody1/convoy/host/convoy_peerserver.py	2026-08-24 10:42:38 UTC				0	-1200	0.9000,0.3000,0.4000
/Embody1/convoy/host/convoy_peers	text	py	Embody1/convoy/host/convoy_peers.py	2026-08-24 10:42:38 UTC				800	-800	0.9000,0.3000,0.4000
/Embody1/convoy/host/convoy_peerclient	text	py	Embody1/convoy/host/convoy_peerclient.py	2026-08-24 10:42:38 UTC				400	-1200	0.9000,0.3000,0.4000
/Embody1/convoy/host/convoy_owlette	text	py	Embody1/convoy/host/convoy_owlette.py	2026-08-24 10:42:38 UTC				600	-1900	0.9000,0.3000,0.4000
/Embody1/convoy/host/convoy_mcpclient	text	py	Embody1/convoy/host/convoy_mcpclient.py	2026-08-24 10:42:38 UTC				1200	-400	0.9000,0.3000,0.4000
/Embody1/convoy/host/convoy_lifecycle	text	py	Embody1/convoy/host/convoy_lifecycle.py	2026-08-24 10:42:38 UTC				200	-1900	0.9000,0.3000,0.4000
/Embody1/convoy/host/convoy_lan	text	py	Embody1/convoy/host/convoy_lan.py	2026-08-24 10:42:38 UTC				1200	-800	0.9000,0.3000,0.4000
/Embody1/convoy/host/convoy_identity	text	py	Embody1/convoy/host/convoy_identity.py	2026-08-24 10:42:38 UTC				800	-400	0.9000,0.3000,0.4000
/Embody1/convoy/host/convoy_hoststore	text	py	Embody1/convoy/host/convoy_hoststore.py	2026-08-24 10:42:38 UTC				400	-400	0.9000,0.3000,0.4000
/Embody1/convoy/host/convoy_hostprobe	text	py	Embody1/convoy/host/convoy_hostprobe.py	2026-08-24 10:42:38 UTC				0	-400	0.9000,0.3000,0.4000
/Embody1/convoy/host/convoy_hostops	text	py	Embody1/convoy/host/convoy_hostops.py	2026-08-24 10:42:38 UTC				1400	-1600	0.9000,0.3000,0.4000
/Embody1/convoy/host/convoy_hostkeys	text	py	Embody1/convoy/host/convoy_hostkeys.py	2026-08-24 10:42:38 UTC				1200	0	0.9000,0.3000,0.4000
/Embody1/convoy/host/convoy_hostapp	text	py	Embody1/convoy/host/convoy_hostapp.py	2026-08-24 10:42:38 UTC				800	0	0.9000,0.3000,0.4000
/Embody1/convoy/host/convoy_discovery	text	py	Embody1/convoy/host/convoy_discovery.py	2026-08-24 10:42:38 UTC				1000	-1600	0.9000,0.3000,0.4000
/Embody1/convoy/host/convoy_controllers	text	py	Embody1/convoy/host/convoy_controllers.py	2026-08-24 10:42:38 UTC				400	0	0.9000,0.3000,0.4000
/Embody1/convoy/host/convoy_capabilities	text	py	Embody1/convoy/host/convoy_capabilities.py	2026-08-24 10:42:38 UTC				0	0	0.9000,0.3000,0.4000
/Embody1/convoy/host/convoy_artifacts	text	py	Embody1/convoy/host/convoy_artifacts.py	2026-08-24 10:42:38 UTC				600	-1600	0.9000,0.3000,0.4000
/Embody1/convoy/host/convoy_artifact_http	text	py	Embody1/convoy/host/convoy_artifact_http.py	2026-08-24 10:42:38 UTC				200	-1600	0.9000,0.3000,0.4000
/Embody1/convoy/host	base	tox	Embody1/convoy/host.tox	2026-08-24 10:42:38 UTC		1	2025.33070	0	-400	0.3250,0.8000,0.3000
/Embody1/convoy/convoy_install	text	py	Embody1/convoy/convoy_install.py	2026-08-24 10:42:38 UTC				800	0	0.9000,0.3000,0.4000
/Embody1/convoy/convoy_client	text	py	Embody1/convoy/convoy_client.py	2026-08-24 10:42:39 UTC				400	0	0.9000,0.3000,0.4000
/Embody1/convoy/ConvoyExt	text	py	Embody1/convoy/ConvoyExt.py	2026-08-24 10:42:39 UTC				0	0	0.9000,0.3000,0.4000
/Embody1/convoy	base	tox	Embody1/convoy.tox	2026-08-24 10:42:39 UTC		17	2025.33070	925	-550	0.3250,0.8000,0.3000
/Embody1/chopexec_exit_tagger	chopexec	py	Embody1/chopexec_exit_tagger.py	2026-08-24 10:42:39 UTC				-300	-650	0.9000,0.3000,0.4000
/Embody1/TDNExt	text	py	Embody1/TDNExt.py	2026-08-24 10:42:39 UTC				-700	600	0.9000,0.3000,0.4000
/Embody1/EnvoyExt	text	py	Embody1/EnvoyExt.py	2026-08-24 10:42:39 UTC				-700	700	0.9000,0.3000,0.4000
/Embody1/EmbodyExt	text	py	Embody1/EmbodyExt.py	2026-08-24 10:42:39 UTC				-700	800	0.9000,0.3000,0.4000
/Embody1/Collection/scanner	text	py	Embody1/Collection/scanner.py	2026-08-24 10:42:39 UTC				0	-200	0.9000,0.3000,0.4000
/Embody1/Collection/safe_import	text	py	Embody1/Collection/safe_import.py	2026-08-24 10:42:39 UTC				400	-200	0.9000,0.3000,0.4000
/Embody1/Collection/CollectionExt	text	py	Embody1/Collection/CollectionExt.py	2026-08-24 10:42:39 UTC				200	0	0.9000,0.3000,0.4000
/Embody1/Collection	base	tox	Embody1/Collection.tox	2026-08-24 10:42:39 UTC		2	2025.33070	200	-550	0.3250,0.8000,0.3000
/Embody1/CatalogManagerExt	text	py	Embody1/CatalogManagerExt.py	2026-08-24 10:42:39 UTC				-700	500	0.9000,0.3000,0.4000
/Embody1	container	tox	Embody1.tox	2026-08-30 14:50:15 UTC		1231	2025.33070	350	500	0.3250,0.8000,0.3000
/	base	tdn	PATCHDECK_V8.tdn	2026-08-30 09:11:52 UTC			099.2025.33070			
/PATCHDECK/PATCHES/master_directndi_exec	parexec	py	PATCHDECK/PATCHES/master_directndi_exec.py	2026-08-27 16:20:57 UTC				926	-1095	0.9000,0.3000,0.4000
/PATCHDECK/CTRL/master_toggle_exec	chopexec	py	PATCHDECK/CTRL/master_toggle_exec.py	2026-08-27 16:26:27 UTC				-3845	7733	0.9000,0.3000,0.4000
/gaia_client	base	tox	gaia_client.tox	2026-08-30 14:50:15 UTC		40	2025.33070	775	200	0.6700,0.6700,0.6700
/gaia_client/mqtt_ingest_callbacks	text	py	gaia_client/mqtt_ingest_callbacks.py	2026-08-28 07:13:07 UTC				0	580	0.9000,0.3000,0.4000
/gaia_client/topic_canvas	text	py	gaia_client/topic_canvas.py	2026-08-28 07:13:08 UTC				400	700	0.9000,0.3000,0.4000
/gaia_client/topic_brainstate	text	py	gaia_client/topic_brainstate.py	2026-08-28 07:13:08 UTC				400	300	0.9000,0.3000,0.4000
/gaia_client/topic_dream	text	py	gaia_client/topic_dream.py	2026-08-28 07:13:09 UTC				400	-100	0.9000,0.3000,0.4000
/gaia_client/script_soul_callbacks	text	py	gaia_client/script_soul_callbacks.py	2026-08-28 07:13:09 UTC				800	580	0.9000,0.3000,0.4000
/gaia_client/dat_words_callbacks	text	py	gaia_client/dat_words_callbacks.py	2026-08-28 07:13:09 UTC				800	180	0.9000,0.3000,0.4000
/gaia_client/dat_word_current_callbacks	text	py	gaia_client/dat_word_current_callbacks.py	2026-08-28 07:13:10 UTC				1200	180	0.9000,0.3000,0.4000
/gaia_client/dat_thought_callbacks	text	py	gaia_client/dat_thought_callbacks.py	2026-08-28 07:13:10 UTC				800	-220	0.9000,0.3000,0.4000
/gaia_client/chop_face_callbacks	text	py	gaia_client/chop_face_callbacks.py	2026-08-28 07:13:10 UTC				800	-1120	0.9000,0.3000,0.4000
/gaia_client/chop_hand_callbacks	text	py	gaia_client/chop_hand_callbacks.py	2026-08-28 07:13:11 UTC				800	-1520	0.9000,0.3000,0.4000
/gaia_client/chop_pose_callbacks	text	py	gaia_client/chop_pose_callbacks.py	2026-08-28 07:14:04 UTC				800	-1920	0.9000,0.3000,0.4000
/gaia_client/chop_meta_callbacks	text	py	gaia_client/chop_meta_callbacks.py	2026-08-28 07:14:04 UTC				800	-2320	0.9000,0.3000,0.4000
/gaia_client/mocap_lifecycle	execute	py	gaia_client/mocap_lifecycle.py	2026-08-28 07:14:05 UTC				0	-1400	0.9000,0.3000,0.4000
/gaia_client/gaia_device_agent	text	py	gaia_client/gaia_device_agent.py	2026-08-28 07:14:05 UTC				400	-3200	0.9000,0.3000,0.4000
/gaia_client/mqtt_device_callbacks	text	py	gaia_client/mqtt_device_callbacks.py	2026-08-28 07:14:48 UTC				0	-3320	0.9000,0.3000,0.4000
/gaia_client/agent_lifecycle	execute	py	gaia_client/agent_lifecycle.py	2026-08-28 07:14:49 UTC				800	-3200	0.9000,0.3000,0.4000
/gaia_client/gaia_fleet_control	text	py	gaia_client/gaia_fleet_control.py	2026-08-28 07:14:49 UTC				400	-4200	0.9000,0.3000,0.4000
/gaia_client/mqtt_control_callbacks	text	py	gaia_client/mqtt_control_callbacks.py	2026-08-28 07:14:50 UTC				0	-4320	0.9000,0.3000,0.4000
/gaia_client/beacon_discovery	text	py	gaia_client/beacon_discovery.py	2026-08-28 07:15:26 UTC				400	-4700	0.9000,0.3000,0.4000
/gaia_client/beacon_probe_callbacks	text	py	gaia_client/beacon_probe_callbacks.py	2026-08-28 07:15:26 UTC				0	-4820	0.9000,0.3000,0.4000
/gaia_client/fleet_lifecycle	execute	py	gaia_client/fleet_lifecycle.py	2026-08-28 07:15:26 UTC				800	-4700	0.9000,0.3000,0.4000
/PATCHDECK/gaia_services/patchdeck_services	text	py	PATCHDECK/gaia_services/patchdeck_services.py	2026-08-28 09:20:12 UTC				0	0	0.9000,0.3000,0.4000
/PATCHDECK/gaia_services/lifecycle	execute	py	PATCHDECK/gaia_services/lifecycle.py	2026-08-28 09:20:42 UTC				400	0	0.9000,0.3000,0.4000
/PATCHDECK/gaia_services	base	tox	PATCHDECK/gaia_services.tox	2026-08-29 12:46:56 UTC		6	2025.33070	700	300	0.3250,0.8000,0.3000
/gaia_client/pre_release	text	py	gaia_client/pre_release.py	2026-08-29 08:01:11 UTC				0	-5550	0.9000,0.3000,0.4000
/gaia_client/reregister_watch	parexec	py	gaia_client/reregister_watch.py	2026-08-29 08:15:34 UTC				1200	-3200	0.9000,0.3000,0.4000
/gaia_dmx_client	base	tox	gaia_dmx_client.tox	2026-08-30 14:50:15 UTC		8	2025.33070	393	200	0.6700,0.6700,0.6700
/gaia_dmx_client/gaia_device_agent	text	py	gaia_dmx_client/gaia_device_agent.py	2026-08-29 12:47:46 UTC				400	0	0.9000,0.3000,0.4000
/gaia_dmx_client/agent_lifecycle	execute	py	gaia_dmx_client/agent_lifecycle.py	2026-08-29 12:48:16 UTC				800	0	0.9000,0.3000,0.4000
/gaia_dmx_client/mqtt_device_callbacks	text	py	gaia_dmx_client/mqtt_device_callbacks.py	2026-08-29 12:48:47 UTC				0	-120	0.9000,0.3000,0.4000
/gaia_dmx_client/dmx_services	text	py	gaia_dmx_client/dmx_services.py	2026-08-29 12:49:17 UTC				1200	0	0.9000,0.3000,0.4000
/gaia_dmx_client/dmx_services_lifecycle	execute	py	gaia_dmx_client/dmx_services_lifecycle.py	2026-08-29 12:49:48 UTC				1600	0	0.9000,0.3000,0.4000
/gaia_client/devices_table	table	tsv	gaia_client/devices_table.tsv	2026-08-30 08:06:22 UTC				800	-4200	0.9000,0.3000,0.4000
/PATCHDECK/UI/MAIN_INTERFACE/container2	container	tox	PATCHDECK/UI/MAIN_INTERFACE/container2.tox	2026-08-30 08:06:22 UTC		1	2025.33070	4928	6563	0.3250,0.8000,0.3000
